Day,Series ID: NG.RNGWHHD.D Dollars per Million Btu
6/28/22,6.66
6/27/22,6.09
6/24/22,5.8
6/23/22,6.54
6/22/22,6.76
6/21/22,6.6
6/17/22,7.37
6/16/22,7.88
6/15/22,7.72
6/14/22,7.68
6/13/22,9
6/10/22,8.78
6/9/22,8.16
6/8/22,9.43
6/7/22,9.28
6/6/22,9.08
6/3/22,8.34
6/2/22,8.9
6/1/22,8.47
5/31/22,8.46
5/27/22,8.3
5/26/22,9.19
5/25/22,9.44
5/24/22,8.87
5/23/22,8.16
5/20/22,7.97
5/19/22,8.21
5/18/22,8.53
5/17/22,8.26
5/16/22,8.07
5/13/22,7.75
5/12/22,7.25
5/11/22,7.53
5/10/22,6.78
5/9/22,8.06
5/6/22,8.35
5/5/22,8.42
5/4/22,8.3
5/3/22,7.84
5/2/22,7.3
4/29/22,6.84
4/28/22,6.97
4/27/22,6.91
4/26/22,6.89
4/25/22,6.42
4/22/22,6.59
4/21/22,6.88
4/20/22,7.12
4/19/22,7.44
4/18/22,7.48
4/14/22,6.94
4/13/22,6.68
4/12/22,6.59
4/11/22,6.35
4/8/22,6.38
4/7/22,6.05
4/6/22,6.29
4/5/22,5.95
4/4/22,5.72
4/1/22,5.43
3/31/22,5.46
3/30/22,5.32
3/29/22,5.32
3/28/22,5.52
3/25/22,5.51
3/24/22,5.19
3/23/22,5.26
3/22/22,5
3/21/22,4.77
3/18/22,4.87
3/17/22,4.8
3/16/22,4.68
3/15/22,4.46
3/14/22,4.59
3/11/22,4.79
3/10/22,4.65
3/9/22,4.55
3/8/22,4.61
3/7/22,4.93
3/4/22,4.74
3/3/22,4.63
3/2/22,4.65
3/1/22,4.36
2/28/22,4.46
2/25/22,4.63
2/24/22,4.78
2/23/22,4.59
2/22/22,4.48
2/21/22,4.61
2/18/22,4.61
2/17/22,4.57
2/16/22,4.39
2/15/22,4.31
2/14/22,4.05
2/11/22,4.04
2/10/22,4.03
2/9/22,4.13
2/8/22,4.3
2/7/22,4.44
2/4/22,5.34
2/3/22,5.84
2/2/22,6.7
2/1/22,5.45
1/31/22,5.56
1/28/22,5.69
1/27/22,4.43
1/26/22,4.43
1/25/22,4.24
1/24/22,4.2
1/21/22,4.11
1/20/22,4.45
1/19/22,4.89
1/18/22,4.55
1/17/22,4.37
1/14/22,4.37
1/13/22,4.78
1/12/22,4.62
1/11/22,4.16
1/10/22,4.16
1/7/22,3.83
1/6/22,3.94
1/5/22,3.78
1/4/22,3.73
1/3/22,3.74
12/31/21,3.82
12/30/21,3.82
12/29/21,3.4
12/28/21,3.32
12/27/21,3.45
12/23/21,3.56
12/22/21,3.95
12/21/21,3.96
12/20/21,3.91
12/17/21,3.71
12/16/21,3.67
12/15/21,3.79
12/14/21,3.71
12/13/21,4.05
12/10/21,3.65
12/9/21,3.67
12/8/21,3.79
12/7/21,3.6
12/6/21,3.66
12/3/21,3.79
12/2/21,4.08
12/1/21,4.31
11/30/21,4.52
11/29/21,4.9
11/26/21,4.93
11/25/21,4.93
11/24/21,4.93
11/23/21,4.95
11/22/21,4.83
11/19/21,4.9
11/18/21,4.95
11/17/21,4.82
11/16/21,5.11
11/15/21,4.77
11/12/21,4.97
11/11/21,4.81
11/10/21,4.56
11/9/21,5.08
11/8/21,5.53
11/5/21,5.51
11/4/21,5.73
11/3/21,5.59
11/2/21,5.33
11/1/21,5.22
10/29/21,5.49
10/28/21,5.68
10/27/21,5.91
10/26/21,5.59
10/25/21,5.72
10/22/21,5.1
10/21/21,4.94
10/20/21,4.87
10/19/21,4.81
10/18/21,5.01
10/15/21,5.44
10/14/21,5.92
10/13/21,5.56
10/12/21,5.34
10/11/21,5.46
10/8/21,5.46
10/7/21,5.71
10/6/21,6
10/5/21,6.37
10/4/21,5.8
10/1/21,5.61
9/30/21,5.58
9/29/21,5.73
9/28/21,5.94
9/27/21,5.53
9/24/21,5.1
9/23/21,4.94
9/22/21,4.92
9/21/21,4.96
9/20/21,5.25
9/17/21,5.32
9/16/21,5.52
9/15/21,5.66
9/14/21,5.39
9/13/21,5.21
9/10/21,5.13
9/9/21,4.97
9/8/21,4.66
9/7/21,4.71
9/3/21,4.77
9/2/21,4.65
9/1/21,4.45
8/31/21,4.33
8/30/21,4.25
8/27/21,4.35
8/26/21,4.07
8/25/21,4.03
8/24/21,3.95
8/23/21,3.93
8/20/21,3.94
8/19/21,3.83
8/18/21,3.86
8/17/21,3.92
8/16/21,3.93
8/13/21,3.95
8/12/21,4.1
8/11/21,4.07
8/10/21,4.12
8/9/21,4.24
8/6/21,4.21
8/5/21,4.27
8/4/21,4.2
8/3/21,4.06
8/2/21,4.02
7/30/21,3.94
7/29/21,4.03
7/28/21,4.1
7/27/21,4.15
7/26/21,4.09
7/23/21,4.11
7/22/21,4.02
7/21/21,3.94
7/20/21,3.82
7/19/21,3.75
7/16/21,3.7
7/15/21,3.68
7/14/21,3.8
7/13/21,3.78
7/12/21,3.7
7/9/21,3.71
7/8/21,3.56
7/7/21,3.66
7/6/21,3.68
7/5/21,3.67
7/2/21,3.67
7/1/21,3.76
6/30/21,3.79
6/29/21,3.75
6/28/21,3.62
6/25/21,3.4
6/24/21,3.3
6/23/21,3.36
6/22/21,3.21
6/21/21,3.15
6/18/21,3.23
6/17/21,3.24
6/16/21,3.25
6/15/21,3.31
6/14/21,3.36
6/11/21,3.23
6/10/21,3.13
6/9/21,3.13
6/8/21,3.11
6/7/21,2.98
6/4/21,3.01
6/3/21,3.01
6/2/21,3.09
6/1/21,3.02
5/31/21,2.91
5/28/21,2.91
5/27/21,2.85
5/26/21,2.91
5/25/21,2.87
5/24/21,2.78
5/21/21,2.84
5/20/21,2.86
5/19/21,2.88
5/18/21,2.96
5/17/21,2.99
5/14/21,2.95
5/13/21,2.95
5/12/21,2.91
5/11/21,2.91
5/10/21,2.93
5/7/21,2.9
5/6/21,2.9
5/5/21,2.99
5/4/21,3
5/3/21,2.96
4/30/21,2.86
4/29/21,2.91
4/28/21,2.98
4/27/21,2.91
4/26/21,2.73
4/23/21,2.79
4/22/21,2.77
4/21/21,2.72
4/20/21,2.76
4/19/21,2.75
4/16/21,2.63
4/15/21,2.62
4/14/21,2.65
4/13/21,2.57
4/12/21,2.5
4/9/21,2.48
4/8/21,2.47
4/7/21,2.43
4/6/21,2.44
4/5/21,2.43
4/1/21,2.52
3/31/21,2.52
3/30/21,2.55
3/29/21,2.58
3/26/21,2.52
3/25/21,2.52
3/24/21,2.56
3/23/21,2.56
3/22/21,2.55
3/19/21,2.53
3/18/21,2.45
3/17/21,2.6
3/16/21,2.5
3/15/21,2.58
3/12/21,2.65
3/11/21,2.7
3/10/21,2.62
3/9/21,2.62
3/8/21,2.67
3/5/21,2.72
3/4/21,2.79
3/3/21,2.86
3/2/21,2.87
3/1/21,2.7
2/26/21,2.66
2/25/21,2.72
2/24/21,2.8
2/23/21,2.94
2/22/21,3.16
2/19/21,4.96
2/18/21,8.56
2/17/21,23.86
2/16/21,11.32
2/12/21,6.12
2/11/21,6.5
2/10/21,3.76
2/9/21,3.35
2/8/21,3.4
2/5/21,3.49
2/4/21,2.99
2/3/21,3.01
2/2/21,3.24
2/1/21,2.88
1/29/21,2.68
1/28/21,2.76
1/27/21,2.77
1/26/21,2.73
1/25/21,2.63
1/22/21,2.45
1/21/21,2.49
1/20/21,2.57
1/19/21,2.65
1/15/21,2.86
1/14/21,2.82
1/13/21,2.82
1/12/21,2.89
1/11/21,2.71
1/8/21,2.77
1/7/21,2.81
1/6/21,2.76
1/5/21,2.77
1/4/21,2.6
12/30/20,2.36
12/29/20,2.4
12/28/20,2.39
12/24/20,2.68
12/23/20,2.76
12/22/20,2.76
12/21/20,2.68
12/18/20,2.73
12/17/20,2.7
12/16/20,2.73
12/15/20,2.63
12/14/20,2.69
12/11/20,2.54
12/10/20,2.45
12/9/20,2.45
12/8/20,2.36
12/7/20,2.39
12/4/20,2.48
12/3/20,2.46
12/2/20,2.75
12/1/20,2.89
11/30/20,2.89
11/25/20,2.47
11/24/20,2.47
11/23/20,2.23
11/20/20,2.22
11/19/20,2.19
11/18/20,2.37
11/17/20,2.55
11/16/20,2.62
11/13/20,2.82
11/12/20,2.81
11/11/20,2.75
11/10/20,2.74
11/9/20,2.63
11/6/20,2.67
11/5/20,2.69
11/4/20,2.63
11/3/20,2.88
11/2/20,3.03
10/30/20,3.03
10/29/20,3.06
10/28/20,3.14
10/27/20,3.07
10/26/20,3.14
10/23/20,2.91
10/22/20,2.99
10/21/20,2.95
10/20/20,2.57
10/19/20,2.3
10/16/20,2.16
10/15/20,2.23
10/14/20,2.02
10/13/20,2.14
10/12/20,2.31
10/9/20,2.25
10/8/20,1.49
10/7/20,2.01
10/6/20,1.86
10/5/20,1.92
10/2/20,1.41
10/1/20,1.6
9/30/20,1.66
9/29/20,1.74
9/28/20,1.83
9/25/20,1.9
9/24/20,1.93
9/23/20,1.74
9/22/20,1.49
9/21/20,1.33
9/18/20,1.56
9/17/20,1.65
9/16/20,2.06
9/15/20,2.19
9/14/20,2.18
9/11/20,1.93
9/10/20,2.13
9/9/20,2.21
9/8/20,2.35
9/4/20,1.8
9/3/20,2.32
9/2/20,2.15
9/1/20,2.22
8/31/20,2.3
8/28/20,2.46
8/27/20,2.52
8/26/20,2.52
8/25/20,2.54
8/24/20,2.57
8/21/20,2.39
8/20/20,2.35
8/19/20,2.43
8/18/20,2.45
8/17/20,2.32
8/14/20,2.23
8/13/20,2.19
8/12/20,2.05
8/11/20,2.19
8/10/20,2.18
8/7/20,2.15
8/6/20,2.26
8/5/20,2.23
8/4/20,2.07
8/3/20,1.95
7/31/20,1.83
7/30/20,1.81
7/29/20,1.77
7/28/20,1.83
7/27/20,1.85
7/24/20,1.77
7/23/20,1.75
7/22/20,1.69
7/21/20,1.66
7/20/20,1.71
7/17/20,1.79
7/16/20,1.79
7/15/20,1.76
7/14/20,1.74
7/13/20,1.75
7/10/20,1.79
7/9/20,1.88
7/8/20,1.78
7/7/20,1.76
7/6/20,1.71
7/3/20,0
7/1/20,1.69
6/30/20,1.76
6/29/20,1.67
6/26/20,1.42
6/25/20,1.53
6/24/20,1.64
6/23/20,1.61
6/22/20,1.64
6/19/20,1.49
6/18/20,1.51
6/17/20,1.55
6/16/20,1.43
6/15/20,1.64
6/12/20,1.67
6/11/20,1.77
6/10/20,1.72
6/9/20,1.68
6/8/20,1.68
6/5/20,1.8
6/4/20,1.68
6/3/20,1.84
6/2/20,1.58
6/1/20,1.59
5/29/20,1.7
5/28/20,1.79
5/27/20,1.78
5/26/20,1.79
5/22/20,1.7
5/21/20,1.75
5/20/20,1.83
5/19/20,1.85
5/18/20,1.77
5/15/20,1.66
5/14/20,1.6
5/13/20,1.56
5/12/20,1.61
5/11/20,1.7
5/8/20,1.74
5/7/20,1.84
5/6/20,1.9
5/5/20,1.93
5/4/20,1.78
5/1/20,1.69
4/30/20,1.63
4/29/20,1.73
4/28/20,1.8
4/27/20,1.68
4/24/20,1.81
4/23/20,1.86
4/22/20,1.9
4/21/20,1.92
4/20/20,1.78
4/17/20,1.71
4/16/20,1.59
4/15/20,1.68
4/14/20,1.76
4/13/20,1.86
4/10/20,1.74
4/9/20,1.74
4/8/20,1.86
4/7/20,1.83
4/6/20,1.64
4/3/20,1.5
4/2/20,1.55
4/1/20,1.69
3/31/20,1.71
3/30/20,1.65
3/29/20,1.7
3/27/20,1.7
3/26/20,1.73
3/25/20,1.8
3/23/20,1.7
3/22/20,1.76
3/20/20,1.76
3/19/20,1.68
3/18/20,1.73
3/17/20,1.89
3/16/20,1.89
3/15/20,1.94
3/13/20,1.94
3/12/20,1.82
3/11/20,1.96
3/10/20,1.91
3/9/20,1.74
3/8/20,1.76
3/6/20,1.76
3/5/20,1.89
3/4/20,1.83
3/3/20,1.78
3/2/20,1.75
3/1/20,1.79
2/28/20,1.79
2/27/20,1.78
2/26/20,1.96
2/25/20,1.93
2/24/20,1.94
2/21/20,1.96
2/20/20,1.98
2/19/20,2.01
2/18/20,2.04
2/17/20,1.93
2/14/20,1.93
2/13/20,1.95
2/12/20,1.91
2/11/20,1.85
2/10/20,1.85
2/7/20,1.93
2/6/20,1.86
2/5/20,1.89
2/4/20,1.89
2/3/20,1.9
1/31/20,1.91
1/30/20,1.94
1/29/20,1.93
1/28/20,1.96
1/27/20,2.03
1/24/20,1.91
1/23/20,1.95
1/22/20,1.89
1/21/20,1.98
1/17/20,2.07
1/16/20,2.06
1/15/20,2.01
1/14/20,2.15
1/13/20,2.03
1/10/20,2.05
1/9/20,2.05
1/8/20,2.09
1/7/20,2.17
1/6/20,2.1
1/3/20,2.06
1/2/20,2.05
1/1/20,2.09
12/31/19,2.09
12/30/19,2.06
12/27/19,1.75
12/26/19,2.09
12/25/19,2.11
12/24/19,2.11
12/23/19,2.17
12/20/19,2.27
12/19/19,2.21
12/18/19,2.26
12/17/19,2.3
12/16/19,2.34
12/13/19,2.28
12/12/19,2.28
12/11/19,2.28
12/10/19,2.18
12/9/19,2.17
12/6/19,2.31
12/5/19,2.42
12/4/19,2.43
12/3/19,2.42
12/2/19,2.29
11/29/19,2.46
11/27/19,2.46
11/26/19,2.51
11/25/19,2.51
11/22/19,2.62
11/21/19,2.53
11/20/19,2.56
11/19/19,2.53
11/18/19,2.64
11/15/19,2.7
11/14/19,2.68
11/13/19,2.66
11/12/19,2.72
11/11/19,2.87
11/8/19,2.87
11/7/19,2.84
11/6/19,2.82
11/5/19,2.77
11/4/19,2.77
11/1/19,2.54
10/31/19,2.73
10/30/19,2.71
10/29/19,2.61
10/28/19,2.49
10/25/19,2.26
10/24/19,2.33
10/23/19,2.34
10/22/19,2.21
10/21/19,2.13
10/18/19,2.08
10/17/19,2.29
10/16/19,2.44
10/15/19,2.29
10/14/19,2.13
10/11/19,2.13
10/10/19,2.26
10/9/19,2.26
10/8/19,2.29
10/7/19,2.36
10/4/19,2.25
10/3/19,2.31
10/2/19,2.36
10/1/19,2.36
9/30/19,2.37
9/27/19,2.41
9/26/19,2.57
9/25/19,2.54
9/24/19,2.55
9/23/19,2.55
9/20/19,2.34
9/19/19,2.65
9/18/19,2.72
9/17/19,2.7
9/16/19,2.75
9/13/19,2.61
9/12/19,2.62
9/11/19,2.63
9/10/19,2.67
9/9/19,2.65
9/6/19,2.49
9/5/19,2.49
9/4/19,2.48
9/3/19,2.39
9/2/19,2.33
8/30/19,2.33
8/29/19,2.36
8/28/19,2.24
8/27/19,2.24
8/26/19,2.23
8/23/19,2.15
8/22/19,2.28
8/21/19,2.31
8/20/19,2.35
8/19/19,2.26
8/16/19,2.2
8/15/19,2.19
8/14/19,2.22
8/13/19,2.24
8/12/19,2.21
8/9/19,2.09
8/8/19,2.13
8/7/19,2.18
8/6/19,2.15
8/5/19,2.02
8/2/19,2.12
8/1/19,2.36
7/31/19,2.28
7/30/19,2.22
7/29/19,2.23
7/26/19,2.23
7/25/19,2.26
7/24/19,2.33
7/23/19,2.34
7/22/19,2.33
7/19/19,2.3
7/18/19,2.38
7/17/19,2.44
7/16/19,2.53
7/15/19,2.53
7/12/19,2.54
7/11/19,2.54
7/10/19,2.49
7/9/19,2.41
7/8/19,2.39
7/3/19,2.29
7/2/19,2.3
7/1/19,2.33
6/28/19,2.42
6/27/19,2.32
6/26/19,2.34
6/25/19,2.31
6/24/19,2.31
6/21/19,2.27
6/20/19,2.38
6/19/19,2.43
6/18/19,2.44
6/17/19,2.46
6/14/19,2.37
6/13/19,2.43
6/12/19,2.43
6/11/19,2.41
6/10/19,2.42
6/7/19,2.43
6/6/19,2.4
6/5/19,2.45
6/4/19,2.45
6/3/19,2.5
5/31/19,2.59
5/30/19,2.69
5/29/19,2.69
5/28/19,2.65
5/27/19,2.6
5/24/19,2.6
5/23/19,2.56
5/22/19,2.73
5/21/19,2.73
5/20/19,2.7
5/17/19,2.61
5/16/19,2.62
5/15/19,2.69
5/14/19,2.7
5/13/19,2.71
5/10/19,2.64
5/9/19,2.62
5/8/19,2.64
5/7/19,2.54
5/6/19,2.54
5/3/19,2.59
5/2/19,2.63
5/1/19,2.59
4/30/19,2.59
4/29/19,2.58
4/26/19,2.58
4/25/19,2.54
4/24/19,2.53
4/23/19,2.53
4/22/19,2.61
4/18/19,2.54
4/17/19,2.55
4/16/19,2.66
4/15/19,2.75
4/12/19,2.75
4/11/19,2.72
4/10/19,2.72
4/9/19,2.71
4/8/19,2.72
4/5/19,2.62
4/4/19,2.66
4/3/19,2.74
4/2/19,2.76
4/1/19,2.73
3/29/19,2.73
3/28/19,2.69
3/27/19,2.69
3/26/19,2.74
3/25/19,2.72
3/22/19,2.75
3/21/19,2.86
3/20/19,2.86
3/19/19,2.92
3/18/19,2.9
3/15/19,2.95
3/14/19,2.95
3/13/19,2.87
3/12/19,2.83
3/11/19,2.86
3/8/19,2.9
3/7/19,2.9
3/6/19,3.18
3/5/19,3.18
3/4/19,4.25
3/1/19,3.19
2/28/19,2.89
2/27/19,2.89
2/26/19,2.74
2/25/19,2.84
2/22/19,2.74
2/21/19,2.73
2/20/19,2.69
2/19/19,2.69
2/18/19,2.59
2/15/19,2.59
2/14/19,2.61
2/13/19,2.61
2/12/19,2.71
2/11/19,2.76
2/8/19,2.66
2/7/19,2.62
2/6/19,2.58
2/5/19,2.54
2/4/19,2.57
2/1/19,2.7
1/31/19,2.82
1/30/19,3
1/29/19,2.94
1/28/19,3.05
1/25/19,3.07
1/24/19,3.13
1/23/19,3.13
1/22/19,3.43
1/21/19,3.43
1/18/19,3.43
1/17/19,3.58
1/16/19,3.58
1/15/19,3.54
1/14/19,3.36
1/11/19,2.95
1/10/19,2.95
1/9/19,2.92
1/8/19,2.89
1/7/19,2.74
1/4/19,2.8
1/3/19,2.72
1/2/19,3.25
12/28/18,3.25
12/27/18,3.1
12/26/18,3.42
12/21/18,3.7
12/20/18,3.7
12/19/18,3.64
12/18/18,3.8
12/17/18,3.8
12/14/18,3.99
12/13/18,4.31
12/12/18,4.53
12/11/18,4.53
12/10/18,4.54
12/7/18,4.51
12/6/18,4.44
12/5/18,4.69
12/4/18,4.4
12/3/18,4.4
11/30/18,4.61
11/29/18,4.5
11/28/18,4.5
11/27/18,4.28
11/26/18,4.28
11/21/18,4.7
11/20/18,4.65
11/19/18,4.65
11/16/18,4.3
11/15/18,4.69
11/14/18,4.1
11/13/18,4.1
11/12/18,3.96
11/9/18,3.74
11/8/18,3.54
11/7/18,3.54
11/6/18,3.53
11/5/18,3.53
11/2/18,3.26
11/1/18,3.36
10/31/18,3.31
10/30/18,3.27
10/29/18,3.2
10/26/18,3.27
10/25/18,3.42
10/24/18,3.42
10/23/18,3.28
10/22/18,3.2
10/19/18,3.2
10/18/18,3.28
10/17/18,3.3
10/16/18,3.27
10/15/18,3.26
10/12/18,3.19
10/11/18,3.16
10/10/18,3.45
10/9/18,3.4
10/8/18,3.28
10/5/18,3.25
10/4/18,3.39
10/3/18,3.26
10/2/18,3.14
10/1/18,3.13
9/28/18,3.01
9/27/18,3.05
9/26/18,3.1
9/25/18,3.12
9/24/18,3.04
9/21/18,3.02
9/20/18,3.07
9/19/18,3.11
9/18/18,3
9/17/18,2.95
9/14/18,2.91
9/13/18,2.94
9/12/18,2.98
9/11/18,2.94
9/10/18,2.9
9/7/18,2.88
9/6/18,2.93
9/5/18,3
9/4/18,2.96
8/31/18,2.98
8/30/18,2.96
8/29/18,2.96
8/28/18,2.98
8/27/18,2.98
8/24/18,2.99
8/23/18,3.01
8/22/18,3.02
8/21/18,3.01
8/20/18,3.04
8/17/18,3.01
8/16/18,3.02
8/15/18,3.02
8/14/18,3.02
8/13/18,2.92
8/10/18,2.96
8/9/18,3.02
8/8/18,2.99
8/7/18,2.95
8/6/18,2.85
8/3/18,2.86
8/2/18,2.77
8/1/18,2.8
7/31/18,2.82
7/30/18,2.75
7/27/18,2.78
7/26/18,2.82
7/25/18,2.82
7/24/18,2.73
7/23/18,2.79
7/20/18,2.79
7/19/18,2.75
7/18/18,2.8
7/17/18,2.81
7/16/18,2.76
7/13/18,2.86
7/12/18,2.89
7/11/18,2.89
7/10/18,2.9
7/9/18,2.9
7/6/18,2.91
7/5/18,2.91
7/3/18,2.9
7/2/18,2.9
6/29/18,2.96
6/28/18,2.99
6/27/18,3.01
6/26/18,2.98
6/25/18,2.96
6/22/18,2.95
6/21/18,3.08
6/20/18,2.96
6/19/18,2.95
6/18/18,2.99
6/15/18,3.02
6/14/18,2.99
6/13/18,2.98
6/12/18,2.98
6/11/18,3
6/8/18,2.91
6/7/18,3.02
6/6/18,2.89
6/5/18,2.89
6/4/18,2.89
6/1/18,2.91
5/31/18,2.94
5/30/18,2.83
5/29/18,2.84
5/25/18,2.88
5/24/18,2.88
5/23/18,2.89
5/22/18,2.76
5/21/18,2.77
5/18/18,2.75
5/17/18,2.75
5/16/18,2.85
5/15/18,2.83
5/14/18,2.84
5/11/18,2.75
5/10/18,2.78
5/9/18,2.75
5/8/18,2.77
5/7/18,2.74
5/4/18,2.75
5/3/18,2.75
5/2/18,2.77
5/1/18,2.75
4/30/18,2.75
4/27/18,2.82
4/26/18,2.81
4/25/18,2.81
4/24/18,2.79
4/23/18,2.78
4/20/18,2.78
4/19/18,2.8
4/18/18,2.85
4/17/18,2.84
4/16/18,2.88
4/13/18,2.82
4/12/18,2.76
4/11/18,2.74
4/10/18,2.78
4/9/18,2.78
4/6/18,2.81
4/5/18,2.81
4/4/18,2.81
4/3/18,2.75
4/2/18,2.75
3/29/18,2.81
3/28/18,2.64
3/27/18,2.6
3/26/18,2.63
3/23/18,2.58
3/22/18,2.62
3/21/18,2.74
3/20/18,2.71
3/19/18,2.62
3/16/18,2.62
3/15/18,2.7
3/14/18,2.69
3/13/18,2.76
3/12/18,2.78
3/9/18,2.71
3/8/18,2.8
3/7/18,2.8
3/6/18,2.7
3/5/18,2.7
3/2/18,2.67
3/1/18,2.67
2/28/18,2.66
2/27/18,2.59
2/26/18,2.6
2/23/18,2.58
2/22/18,2.65
2/21/18,2.65
2/20/18,2.61
2/16/18,2.49
2/15/18,2.49
2/14/18,2.53
2/13/18,2.58
2/12/18,2.6
2/9/18,2.66
2/8/18,2.74
2/7/18,2.74
2/6/18,2.75
2/5/18,2.85
2/2/18,2.91
2/1/18,3.06
1/31/18,3.34
1/30/18,3.6
1/29/18,3.6
1/26/18,3.58
1/25/18,3.54
1/24/18,3.54
1/23/18,3.35
1/22/18,3.13
1/19/18,3.2
1/18/18,3.92
1/17/18,3.92
1/16/18,5.46
1/12/18,4.06
1/11/18,3.16
1/10/18,3.16
1/9/18,2.93
1/8/18,2.89
1/5/18,
1/4/18,4.65
1/3/18,6.24
1/2/18,6.24
12/29/17,3.69
12/28/17,2.97
12/27/17,2.76
12/26/17,2.68
12/22/17,2.63
12/21/17,2.64
12/20/17,2.72
12/19/17,2.75
12/18/17,2.71
12/15/17,2.6
12/14/17,2.69
12/13/17,2.87
12/12/17,2.87
12/11/17,2.81
12/8/17,2.78
12/7/17,2.81
12/6/17,2.86
12/5/17,2.86
12/4/17,2.91
12/1/17,2.84
11/30/17,3.06
11/29/17,3.06
11/28/17,2.88
11/27/17,2.88
11/24/17,3.05
11/23/17,3.05
11/22/17,3.05
11/21/17,3.05
11/20/17,3.04
11/17/17,3.04
11/16/17,3.09
11/15/17,3.16
11/14/17,3.06
11/13/17,3.13
11/10/17,3.17
11/9/17,3.18
11/8/17,3.16
11/7/17,3.07
11/6/17,3.01
11/3/17,2.75
11/2/17,2.68
11/1/17,2.68
10/31/17,2.84
10/30/17,2.94
10/27/17,2.78
10/26/17,2.91
10/25/17,2.98
10/24/17,2.95
10/23/17,2.95
10/20/17,2.8
10/19/17,2.83
10/18/17,2.81
10/17/17,2.88
10/16/17,2.87
10/13/17,2.99
10/12/17,2.95
10/11/17,2.89
10/10/17,2.89
10/9/17,2.87
10/6/17,2.93
10/5/17,2.8
10/4/17,2.8
10/3/17,2.73
10/2/17,2.94
9/29/17,2.94
9/28/17,2.96
9/27/17,2.98
9/26/17,2.96
9/25/17,2.96
9/22/17,2.93
9/21/17,3.11
9/20/17,3.13
9/19/17,3.18
9/18/17,3.11
9/15/17,3
9/14/17,3.03
9/13/17,3.02
9/12/17,2.88
9/11/17,2.88
9/8/17,2.88
9/7/17,2.92
9/6/17,2.98
9/5/17,2.88
9/4/17,2.88
9/1/17,2.88
8/31/17,2.92
8/30/17,2.95
8/29/17,2.95
8/28/17,2.95
8/25/17,2.93
8/24/17,2.97
8/23/17,2.94
8/22/17,3
8/21/17,3
8/18/17,2.9
8/17/17,2.91
8/16/17,2.94
8/15/17,2.96
8/14/17,3.02
8/11/17,2.96
8/10/17,2.89
8/9/17,2.81
8/8/17,2.81
8/7/17,2.8
8/4/17,2.76
8/3/17,2.76
8/2/17,2.8
8/1/17,2.8
7/31/17,2.87
7/28/17,2.96
7/27/17,2.95
7/26/17,2.92
7/25/17,2.99
7/24/17,2.99
7/21/17,3.06
7/20/17,3.12
7/19/17,3.11
7/18/17,3.11
7/17/17,3.04
7/14/17,2.94
7/13/17,2.96
7/12/17,3.01
7/11/17,2.98
7/10/17,2.92
7/7/17,2.91
7/6/17,2.89
7/5/17,2.98
7/4/17,2.98
7/3/17,2.98
6/30/17,2.98
6/29/17,3.07
6/28/17,3.03
6/27/17,2.99
6/26/17,2.98
6/23/17,2.89
6/22/17,2.88
6/21/17,2.91
6/20/17,2.91
6/19/17,2.87
6/16/17,3.01
6/15/17,2.94
6/14/17,2.95
6/13/17,3.12
6/12/17,3.12
6/9/17,3.03
6/8/17,2.98
6/7/17,3.06
6/6/17,2.92
6/5/17,2.92
6/2/17,2.85
6/1/17,3.05
5/31/17,3.05
5/30/17,3.1
5/29/17,3.1
5/26/17,3.1
5/25/17,3.1
5/24/17,3.22
5/23/17,3.22
5/22/17,3.24
5/19/17,3.11
5/18/17,3.13
5/17/17,3.27
5/16/17,3.27
5/15/17,3.26
5/12/17,3.24
5/11/17,3.23
5/10/17,3.03
5/9/17,3.03
5/8/17,3.06
5/5/17,3.1
5/4/17,3.11
5/3/17,3.14
5/2/17,3.13
5/1/17,3.2
4/28/17,3.2
4/27/17,3.13
4/26/17,3.06
4/25/17,2.99
4/24/17,3.06
4/21/17,3.06
4/20/17,3.13
4/19/17,3.11
4/18/17,3.11
4/17/17,3.09
4/14/17,3
4/13/17,3
4/12/17,2.97
4/11/17,3.11
4/10/17,3.15
4/7/17,3.23
4/6/17,3.23
4/5/17,3.22
4/4/17,3.06
4/3/17,3.13
3/31/17,3.13
3/30/17,3.08
3/29/17,3.03
3/28/17,2.95
3/27/17,2.94
3/24/17,2.97
3/23/17,2.93
3/22/17,3.02
3/21/17,3.09
3/20/17,2.93
3/17/17,2.85
3/16/17,2.84
3/15/17,3.02
3/14/17,3.02
3/13/17,3.04
3/10/17,2.98
3/9/17,2.83
3/8/17,2.59
3/7/17,2.68
3/6/17,2.68
3/3/17,2.5
3/2/17,2.59
3/1/17,2.54
2/28/17,2.54
2/27/17,2.44
2/24/17,2.63
2/23/17,2.63
2/22/17,2.52
2/21/17,2.56
2/20/17,2.75
2/17/17,2.75
2/16/17,2.88
2/15/17,2.95
2/14/17,2.85
2/13/17,2.93
2/10/17,3.11
2/9/17,3.11
2/8/17,3.05
2/7/17,3.03
2/6/17,2.92
2/3/17,3.13
2/2/17,3.13
2/1/17,3.15
1/31/17,3
1/30/17,3.22
1/27/17,3.31
1/26/17,3.44
1/25/17,3.26
1/24/17,3.16
1/23/17,3.16
1/20/17,3.23
1/19/17,3.25
1/18/17,3.26
1/17/17,3.37
1/16/17,3.36
1/13/17,3.36
1/12/17,3.36
1/11/17,3.27
1/10/17,3.21
1/9/17,3.14
1/6/17,3.38
1/5/17,3.42
1/4/17,3.42
1/3/17,3.41
1/2/17,3.71
12/30/16,3.71
12/29/16,3.71
12/28/16,3.7
12/27/16,3.7
12/26/16,3.6
12/23/16,3.6
12/22/16,3.5
12/21/16,3.5
12/20/16,3.39
12/19/16,3.55
12/16/16,3.51
12/15/16,3.56
12/14/16,3.55
12/13/16,3.65
12/12/16,3.6
12/9/16,3.75
12/8/16,3.68
12/7/16,3.8
12/6/16,3.75
12/5/16,3.44
12/2/16,3.44
12/1/16,3.32
11/30/16,3.32
11/29/16,3.02
11/28/16,2.96
11/25/16,2.76
11/24/16,2.76
11/23/16,2.76
11/22/16,2.73
11/21/16,2.81
11/18/16,2.6
11/17/16,2.37
11/16/16,2.49
11/15/16,2.49
11/14/16,2.26
11/11/16,2.08
11/10/16,2.08
11/9/16,2.22
11/8/16,2.34
11/7/16,2.37
11/4/16,2.2
11/3/16,2.41
11/2/16,2.53
11/1/16,2.53
10/31/16,2.85
10/28/16,2.72
10/27/16,2.72
10/26/16,2.69
10/25/16,2.69
10/24/16,2.78
10/21/16,2.92
10/20/16,3.12
10/19/16,3.18
10/18/16,3.25
10/17/16,3.21
10/14/16,3.18
10/13/16,3.16
10/12/16,3.17
10/11/16,3.17
10/10/16,3.18
10/7/16,3.02
10/6/16,3.04
10/5/16,2.83
10/4/16,2.83
10/3/16,2.84
9/30/16,2.84
9/29/16,2.98
9/28/16,3.07
9/27/16,3.09
9/26/16,3.06
9/23/16,3.06
9/22/16,3.18
9/21/16,3.19
9/20/16,3.12
9/19/16,3
9/16/16,2.97
9/15/16,2.98
9/14/16,3.07
9/13/16,3.04
9/12/16,3.04
9/9/16,2.93
9/8/16,2.88
9/7/16,2.77
9/6/16,2.88
9/5/16,2.88
9/2/16,2.88
9/1/16,2.95
8/31/16,2.95
8/30/16,2.95
8/29/16,2.97
8/26/16,2.91
8/25/16,2.89
8/24/16,2.82
8/23/16,2.75
8/22/16,2.75
8/19/16,2.67
8/18/16,2.75
8/17/16,2.76
8/16/16,2.75
8/15/16,2.75
8/12/16,2.7
8/11/16,2.7
8/10/16,2.76
8/9/16,2.85
8/8/16,2.85
8/5/16,2.88
8/4/16,2.89
8/3/16,2.89
8/2/16,2.79
8/1/16,2.97
7/29/16,2.97
7/28/16,2.79
7/27/16,2.84
7/26/16,2.84
7/25/16,2.8
7/22/16,2.8
7/21/16,2.76
7/20/16,2.76
7/19/16,2.83
7/18/16,2.83
7/15/16,2.7
7/14/16,2.79
7/13/16,2.81
7/12/16,2.88
7/11/16,2.88
7/8/16,2.8
7/7/16,2.78
7/6/16,2.82
7/5/16,2.82
7/4/16,2.89
7/1/16,2.89
6/30/16,2.94
6/29/16,2.94
6/28/16,2.89
6/27/16,2.79
6/24/16,2.71
6/23/16,2.69
6/22/16,2.82
6/21/16,2.79
6/20/16,2.74
6/17/16,2.59
6/16/16,2.62
6/15/16,2.62
6/14/16,2.55
6/13/16,2.55
6/10/16,2.46
6/9/16,2.34
6/8/16,2.36
6/7/16,2.32
6/6/16,2.32
6/3/16,2.31
6/2/16,2.3
6/1/16,2.25
5/31/16,2.12
5/30/16,1.77
5/27/16,1.77
5/26/16,1.77
5/25/16,1.77
5/24/16,1.91
5/23/16,1.96
5/20/16,1.81
5/19/16,1.83
5/18/16,1.91
5/17/16,1.97
5/16/16,1.91
5/13/16,1.96
5/12/16,2.01
5/11/16,2.01
5/10/16,2.01
5/9/16,2.01
5/6/16,1.86
5/5/16,2.05
5/4/16,2.03
5/3/16,1.94
5/2/16,1.91
4/29/16,1.89
4/28/16,1.88
4/27/16,1.88
4/26/16,1.97
4/25/16,1.97
4/22/16,1.92
4/21/16,1.96
4/20/16,1.94
4/19/16,1.94
4/18/16,1.76
4/15/16,1.71
4/14/16,1.93
4/13/16,2.01
4/12/16,1.97
4/11/16,1.9
4/8/16,1.99
4/7/16,1.96
4/6/16,1.91
4/5/16,1.96
4/4/16,1.96
4/1/16,1.88
3/31/16,1.98
3/30/16,1.87
3/29/16,1.77
3/28/16,1.78
3/25/16,1.78
3/24/16,1.78
3/23/16,1.79
3/22/16,1.79
3/21/16,1.79
3/18/16,1.84
3/17/16,1.84
3/16/16,1.77
3/15/16,1.81
3/14/16,1.68
3/11/16,1.74
3/10/16,1.72
3/9/16,1.61
3/8/16,1.6
3/7/16,1.56
3/4/16,1.49
3/3/16,1.59
3/2/16,1.6
3/1/16,1.57
2/29/16,1.62
2/26/16,1.78
2/25/16,1.78
2/24/16,1.85
2/23/16,1.85
2/22/16,1.86
2/19/16,1.83
2/18/16,1.89
2/17/16,1.93
2/16/16,1.95
2/15/16,2.08
2/12/16,2.08
2/11/16,2.15
2/10/16,2.16
2/9/16,2.17
2/8/16,2.23
2/5/16,2.08
2/4/16,2.07
2/3/16,2.06
2/2/16,2.07
2/1/16,2.28
1/29/16,2.28
1/28/16,2.15
1/27/16,2.26
1/26/16,2.26
1/25/16,2.16
1/22/16,2.21
1/21/16,2.22
1/20/16,2.18
1/19/16,2.23
1/18/16,2.18
1/15/16,2.18
1/14/16,2.21
1/13/16,2.28
1/12/16,2.4
1/11/16,2.54
1/8/16,2.47
1/7/16,2.35
1/6/16,2.37
1/5/16,2.33
1/4/16,2.39
1/1/16,2.28
12/31/15,2.28
12/30/15,2.28
12/29/15,2.39
12/28/15,2.11
12/25/15,1.63
12/24/15,1.63
12/23/15,1.63
12/22/15,1.73
12/21/15,1.76
12/18/15,1.74
12/17/15,1.79
12/16/15,1.7
12/15/15,1.66
12/14/15,1.7
12/11/15,1.79
12/10/15,1.95
12/9/15,2
12/8/15,2.01
12/7/15,2.06
12/4/15,2.1
12/3/15,2.14
12/2/15,2.19
12/1/15,2.11
11/30/15,2.11
11/27/15,2.14
11/26/15,2.14
11/25/15,2.14
11/24/15,2.14
11/23/15,2.18
11/20/15,2.18
11/19/15,2.1
11/18/15,2.1
11/17/15,2.05
11/16/15,2.02
11/13/15,2.02
11/12/15,2.05
11/11/15,2.13
11/10/15,2.14
11/9/15,2.19
11/6/15,2.19
11/5/15,2.04
11/4/15,2.04
11/3/15,1.92
11/2/15,1.92
10/30/15,1.98
10/29/15,2.15
10/28/15,2.14
10/27/15,2.14
10/26/15,2.18
10/23/15,2.28
10/22/15,2.37
10/21/15,2.37
10/20/15,2.46
10/19/15,2.43
10/16/15,2.42
10/15/15,2.54
10/14/15,2.47
10/13/15,2.47
10/12/15,2.48
10/9/15,2.49
10/8/15,2.35
10/7/15,2.35
10/6/15,2.35
10/5/15,2.34
10/2/15,2.37
10/1/15,2.37
9/30/15,2.47
9/29/15,2.57
9/28/15,2.66
9/25/15,2.6
9/24/15,2.62
9/23/15,2.62
9/22/15,2.61
9/21/15,2.61
9/18/15,2.69
9/17/15,2.69
9/16/15,2.69
9/15/15,2.74
9/14/15,2.7
9/11/15,2.67
9/10/15,2.71
9/9/15,2.74
9/8/15,2.74
9/7/15,2.67
9/4/15,2.67
9/3/15,2.67
9/2/15,2.7
9/1/15,2.7
8/31/15,2.7
8/28/15,2.69
8/27/15,2.69
8/26/15,2.73
8/25/15,2.71
8/24/15,2.65
8/21/15,2.7
8/20/15,2.77
8/19/15,2.77
8/18/15,2.71
8/17/15,2.79
8/14/15,2.83
8/13/15,2.93
8/12/15,2.93
8/11/15,2.84
8/10/15,2.85
8/7/15,2.76
8/6/15,2.76
8/5/15,2.85
8/4/15,2.83
8/3/15,2.76
7/31/15,2.76
7/30/15,2.87
7/29/15,2.91
7/28/15,2.89
7/27/15,2.92
7/24/15,2.92
7/23/15,2.92
7/22/15,2.84
7/21/15,2.84
7/20/15,2.88
7/17/15,2.88
7/16/15,2.9
7/15/15,2.93
7/14/15,2.88
7/13/15,2.88
7/10/15,2.7
7/9/15,2.7
7/8/15,2.77
7/7/15,2.77
7/6/15,2.79
7/3/15,2.79
7/2/15,2.79
7/1/15,2.78
6/30/15,2.8
6/29/15,2.77
6/26/15,2.77
6/25/15,2.8
6/24/15,2.83
6/23/15,2.83
6/22/15,2.79
6/19/15,2.81
6/18/15,2.93
6/17/15,2.93
6/16/15,2.94
6/15/15,2.89
6/12/15,2.88
6/11/15,2.88
6/10/15,2.81
6/9/15,2.72
6/8/15,2.6
6/5/15,2.6
6/4/15,2.6
6/3/15,2.65
6/2/15,2.63
6/1/15,2.78
5/29/15,2.78
5/28/15,2.78
5/27/15,2.82
5/26/15,2.82
5/22/15,2.96
5/21/15,2.96
5/20/15,3.04
5/19/15,3.01
5/18/15,3.01
5/15/15,2.96
5/14/15,2.87
5/13/15,2.85
5/12/15,2.85
5/11/15,2.85
5/8/15,2.78
5/7/15,2.74
5/6/15,2.76
5/5/15,2.76
5/4/15,2.72
5/1/15,2.68
4/30/15,2.56
4/29/15,2.55
4/28/15,2.55
4/27/15,2.5
4/24/15,2.59
4/23/15,2.59
4/22/15,2.63
4/21/15,2.59
4/20/15,2.57
4/17/15,2.67
4/16/15,2.61
4/15/15,2.62
4/14/15,2.58
4/13/15,2.58
4/10/15,2.58
4/9/15,2.72
4/8/15,2.71
4/7/15,2.71
4/6/15,2.63
4/2/15,2.63
4/1/15,2.62
3/31/15,2.65
3/30/15,2.64
3/27/15,2.89
3/26/15,2.77
3/25/15,2.77
3/24/15,2.79
3/23/15,2.72
3/20/15,2.86
3/19/15,2.86
3/18/15,2.8
3/17/15,2.82
3/16/15,2.68
3/13/15,2.72
3/12/15,2.82
3/11/15,2.76
3/10/15,2.76
3/9/15,2.75
3/6/15,2.89
3/5/15,3.27
3/4/15,3.27
3/3/15,3
3/2/15,2.79
2/27/15,2.79
2/26/15,3.21
2/25/15,3.21
2/24/15,3.22
2/23/15,3.22
2/20/15,3.02
2/19/15,2.92
2/18/15,2.92
2/17/15,2.75
2/13/15,2.75
2/12/15,2.86
2/11/15,2.86
2/10/15,2.67
2/9/15,2.62
2/6/15,2.66
2/5/15,2.66
2/4/15,2.73
2/3/15,2.67
2/2/15,2.88
1/30/15,2.88
1/29/15,2.88
1/28/15,2.89
1/27/15,2.96
1/26/15,2.92
1/23/15,2.96
1/22/15,2.95
1/21/15,2.94
1/20/15,2.94
1/16/15,3.11
1/15/15,3.32
1/14/15,3.15
1/13/15,2.92
1/12/15,2.9
1/9/15,2.96
1/8/15,2.92
1/7/15,3.08
1/6/15,2.98
1/5/15,3.22
1/2/15,3.01
12/31/14,3.14
12/30/14,3.14
12/29/14,3.07
12/26/14,2.74
12/24/14,2.99
12/23/14,2.99
12/22/14,3.05
12/19/14,3.71
12/18/14,3.71
12/17/14,3.72
12/16/14,3.58
12/15/14,3.72
12/12/14,3.91
12/11/14,3.68
12/10/14,3.65
12/9/14,3.63
12/8/14,3.42
12/5/14,3.42
12/4/14,3.63
12/3/14,3.63
12/2/14,3.77
12/1/14,4.3
11/28/14,4.3
11/26/14,4.15
11/25/14,4.09
11/24/14,4.09
11/21/14,4.32
11/20/14,4.41
11/19/14,4.41
11/18/14,4.33
11/17/14,4.26
11/14/14,4.05
11/13/14,4.2
11/12/14,4.2
11/11/14,4.18
11/10/14,4.18
11/7/14,3.92
11/6/14,3.92
11/5/14,3.83
11/4/14,3.67
11/3/14,3.82
10/31/14,3.82
10/30/14,3.76
10/29/14,3.6
10/28/14,3.53
10/27/14,3.56
10/24/14,3.53
10/23/14,3.6
10/22/14,3.69
10/21/14,3.62
10/20/14,3.69
10/17/14,3.73
10/16/14,3.8
10/15/14,3.81
10/14/14,3.91
10/13/14,3.87
10/10/14,3.86
10/9/14,3.87
10/8/14,3.88
10/7/14,3.88
10/6/14,3.89
10/3/14,3.94
10/2/14,4
10/1/14,4.14
9/30/14,4.14
9/29/14,3.89
9/26/14,3.89
9/25/14,3.89
9/24/14,3.84
9/23/14,3.9
9/22/14,3.88
9/19/14,3.99
9/18/14,3.99
9/17/14,3.97
9/16/14,3.85
9/15/14,3.92
9/12/14,3.82
9/11/14,3.94
9/10/14,3.98
9/9/14,3.93
9/8/14,3.86
9/5/14,3.86
9/4/14,3.91
9/3/14,3.94
9/2/14,4.01
8/29/14,4.04
8/28/14,4.06
8/27/14,4.02
8/26/14,3.99
8/25/14,3.94
8/22/14,3.88
8/21/14,3.88
8/20/14,3.88
8/19/14,3.84
8/18/14,3.78
8/15/14,3.8
8/14/14,3.85
8/13/14,3.9
8/12/14,3.94
8/11/14,4
8/8/14,3.94
8/7/14,3.99
8/6/14,3.92
8/5/14,3.87
8/4/14,3.87
8/1/14,3.77
7/31/14,3.78
7/30/14,3.78
7/29/14,3.79
7/28/14,3.84
7/25/14,3.86
7/24/14,3.83
7/23/14,3.83
7/22/14,3.81
7/21/14,3.87
7/18/14,4.08
7/17/14,4.04
7/16/14,4.16
7/15/14,4.13
7/14/14,4.13
7/11/14,4.13
7/10/14,4.15
7/9/14,4.17
7/8/14,4.18
7/7/14,4.31
7/3/14,4.31
7/2/14,4.47
7/1/14,4.47
6/30/14,4.39
6/27/14,4.39
6/26/14,4.58
6/25/14,4.58
6/24/14,4.49
6/23/14,4.53
6/20/14,4.53
6/19/14,4.67
6/18/14,4.68
6/17/14,4.68
6/16/14,4.71
6/13/14,4.7
6/12/14,4.51
6/11/14,4.51
6/10/14,4.67
6/9/14,4.67
6/6/14,4.66
6/5/14,4.66
6/4/14,4.62
6/3/14,4.62
6/2/14,4.49
5/30/14,4.49
5/29/14,4.63
5/28/14,4.56
5/27/14,4.4
5/26/14,4.4
5/23/14,4.4
5/22/14,4.57
5/21/14,4.57
5/20/14,4.53
5/19/14,4.54
5/16/14,4.42
5/15/14,4.42
5/14/14,4.47
5/13/14,4.47
5/12/14,4.52
5/9/14,4.59
5/8/14,4.77
5/7/14,4.82
5/6/14,4.8
5/5/14,4.73
5/2/14,4.73
5/1/14,4.79
4/30/14,4.79
4/29/14,4.78
4/28/14,4.72
4/25/14,4.83
4/24/14,4.81
4/23/14,4.81
4/22/14,4.76
4/21/14,4.76
4/17/14,4.64
4/16/14,4.64
4/15/14,4.69
4/14/14,4.64
4/11/14,4.67
4/10/14,4.67
4/9/14,4.67
4/8/14,4.57
4/7/14,4.58
4/4/14,4.49
4/3/14,4.51
4/2/14,4.39
4/1/14,4.39
3/31/14,4.48
3/28/14,4.5
3/27/14,4.39
3/26/14,4.44
3/25/14,4.53
3/24/14,4.42
3/21/14,4.33
3/20/14,4.39
3/19/14,4.43
3/18/14,4.42
3/17/14,4.57
3/14/14,4.4
3/13/14,4.41
3/12/14,4.72
3/11/14,4.67
3/10/14,4.67
3/7/14,4.78
3/6/14,4.89
3/5/14,6.46
3/4/14,7.98
3/3/14,7.09
2/28/14,4.8
2/27/14,4.61
2/26/14,4.81
2/25/14,5.21
2/24/14,6.08
2/21/14,6.24
2/20/14,5.96
2/19/14,6
2/18/14,5.8
2/14/14,5.54
2/13/14,5.34
2/12/14,5.96
2/11/14,7.75
2/10/14,8.15
2/7/14,5.92
2/6/14,6.9
2/5/14,8.12
2/4/14,5.78
2/3/14,5.04
1/31/14,5.04
1/30/14,5.27
1/29/14,5.23
1/28/14,5.25
1/27/14,5.66
1/24/14,5.17
1/23/14,5.64
1/22/14,4.92
1/21/14,4.61
1/17/14,4.39
1/16/14,4.55
1/15/14,4.45
1/14/14,4.36
1/13/14,4.19
1/10/14,3.95
1/9/14,4.15
1/8/14,4.36
1/7/14,4.58
1/6/14,4.5
1/3/14,4.39
1/2/14,4.32
12/31/13,4.31
12/30/13,4.41
12/27/13,4.34
12/26/13,4.4
12/24/13,4.52
12/23/13,4.52
12/20/13,4.35
12/19/13,4.25
12/18/13,4.25
12/17/13,4.2
12/16/13,4.21
12/13/13,4.44
12/12/13,4.4
12/11/13,4.24
12/10/13,4.24
12/9/13,4.24
12/6/13,4.15
12/5/13,3.97
12/4/13,3.89
12/3/13,3.84
12/2/13,3.85
11/29/13,3.87
11/27/13,3.87
11/26/13,3.87
11/25/13,3.85
11/22/13,3.78
11/21/13,3.68
11/20/13,3.63
11/19/13,3.63
11/18/13,3.71
11/15/13,3.56
11/14/13,3.52
11/13/13,3.69
11/12/13,3.69
11/11/13,3.62
11/8/13,3.54
11/7/13,3.59
11/6/13,3.46
11/5/13,3.37
11/4/13,3.38
11/1/13,3.45
10/31/13,3.57
10/30/13,3.55
10/29/13,3.57
10/28/13,3.61
10/25/13,3.69
10/24/13,3.65
10/23/13,3.66
10/22/13,3.7
10/21/13,3.77
10/18/13,3.72
10/17/13,3.75
10/16/13,3.84
10/15/13,3.83
10/14/13,3.82
10/11/13,3.74
10/10/13,3.74
10/9/13,3.7
10/8/13,3.72
10/7/13,3.62
10/4/13,3.57
10/3/13,3.58
10/2/13,3.63
10/1/13,3.56
9/30/13,3.48
9/27/13,3.51
9/26/13,3.49
9/25/13,3.52
9/24/13,3.59
9/23/13,3.66
9/20/13,3.68
9/19/13,3.73
9/18/13,3.72
9/17/13,3.77
9/16/13,3.64
9/13/13,3.6
9/12/13,3.57
9/11/13,3.6
9/10/13,3.65
9/9/13,3.62
9/6/13,3.55
9/5/13,3.7
9/4/13,3.68
9/3/13,3.64
8/30/13,3.57
8/29/13,3.58
8/28/13,3.54
8/27/13,3.5
8/26/13,3.55
8/23/13,3.5
8/22/13,3.52
8/21/13,3.51
8/20/13,3.48
8/19/13,3.46
8/16/13,3.35
8/15/13,3.34
8/14/13,3.36
8/13/13,3.34
8/12/13,3.34
8/9/13,3.32
8/8/13,3.27
8/7/13,3.32
8/6/13,3.35
8/5/13,3.33
8/2/13,3.39
8/1/13,3.44
7/31/13,3.46
7/30/13,3.48
7/29/13,3.49
7/26/13,3.59
7/25/13,3.68
7/24/13,3.7
7/23/13,3.68
7/22/13,3.71
7/19/13,3.78
7/18/13,3.66
7/17/13,3.67
7/16/13,3.69
7/15/13,3.67
7/12/13,3.61
7/11/13,3.64
7/10/13,3.69
7/9/13,3.69
7/8/13,3.65
7/5/13,3.52
7/3/13,3.54
7/2/13,3.58
7/1/13,3.52
6/28/13,3.57
6/27/13,3.73
6/26/13,3.72
6/25/13,3.77
6/24/13,3.81
6/21/13,3.85
6/20/13,3.9
6/19/13,3.93
6/18/13,3.9
6/17/13,3.78
6/14/13,3.76
6/13/13,3.73
6/12/13,3.74
6/11/13,3.77
6/10/13,3.85
6/7/13,3.79
6/6/13,3.93
6/5/13,3.99
6/4/13,4
6/3/13,4
5/31/13,4.02
5/30/13,4.12
5/29/13,4.15
5/28/13,4.19
5/24/13,4.15
5/23/13,4.15
5/22/13,4.16
5/21/13,4.13
5/20/13,4.1
5/17/13,3.89
5/16/13,4.01
5/15/13,4.03
5/14/13,3.93
5/13/13,3.87
5/10/13,3.9
5/9/13,3.87
5/8/13,3.86
5/7/13,3.88
5/6/13,3.93
5/3/13,3.98
5/2/13,4.28
5/1/13,4.31
4/30/13,4.3
4/29/13,4.28
4/26/13,4.16
4/25/13,4.19
4/24/13,4.25
4/23/13,4.27
4/22/13,4.33
4/19/13,4.38
4/18/13,4.23
4/17/13,4.24
4/16/13,4.19
4/15/13,4.23
4/12/13,4.21
4/11/13,4.11
4/10/13,4.07
4/9/13,4.08
4/8/13,4.18
4/5/13,3.98
4/4/13,3.94
4/3/13,4
4/2/13,4.07
4/1/13,3.97
3/28/13,4.03
3/27/13,4.08
3/26/13,3.99
3/25/13,4.08
3/22/13,4.01
3/21/13,4.01
3/20/13,3.97
3/19/13,3.96
3/18/13,3.98
3/15/13,3.89
3/14/13,3.74
3/13/13,3.72
3/12/13,3.71
3/11/13,3.64
3/8/13,3.57
3/7/13,3.54
3/6/13,3.57
3/5/13,3.63
3/4/13,3.53
3/1/13,3.54
2/28/13,3.48
2/27/13,3.49
2/26/13,3.46
2/25/13,3.42
2/22/13,3.27
2/21/13,3.29
2/20/13,3.34
2/19/13,3.23
2/15/13,3.19
2/14/13,3.3
2/13/13,3.29
2/12/13,3.3
2/11/13,3.2
2/8/13,3.26
2/7/13,3.39
2/6/13,3.41
2/5/13,3.34
2/4/13,3.27
2/1/13,3.34
1/31/13,3.33
1/30/13,3.24
1/29/13,3.14
1/28/13,3.25
1/25/13,3.42
1/24/13,3.56
1/23/13,3.53
1/22/13,3.63
1/18/13,3.54
1/17/13,3.44
1/16/13,3.43
1/15/13,3.4
1/14/13,3.39
1/11/13,3.18
1/10/13,3.08
1/9/13,3.14
1/8/13,3.21
1/7/13,3.3
1/4/13,3.2
1/3/13,3.19
1/2/13,3.3
12/31/12,3.43
12/28/12,3.4
12/27/12,3.31
12/26/12,3.35
12/24/12,3.3
12/21/12,3.42
12/20/12,3.35
12/19/12,3.25
12/18/12,3.29
12/17/12,3.2
12/14/12,3.15
12/13/12,3.27
12/12/12,3.33
12/11/12,3.39
12/10/12,3.35
12/7/12,3.33
12/6/12,3.48
12/5/12,3.41
12/4/12,3.38
12/3/12,3.44
11/30/12,3.46
11/29/12,3.61
11/28/12,3.71
11/27/12,3.77
11/26/12,3.75
11/23/12,3.59
11/21/12,3.59
11/20/12,3.62
11/19/12,3.63
11/16/12,3.46
11/15/12,3.63
11/14/12,3.66
11/13/12,3.57
11/12/12,3.4
11/9/12,3.33
11/8/12,3.45
11/7/12,3.47
11/6/12,3.41
11/5/12,3.34
11/2/12,3.4
11/1/12,3.5
10/31/12,3.5
10/30/12,3.42
10/29/12,3.4
10/26/12,3.38
10/25/12,3.39
10/24/12,3.43
10/23/12,3.34
10/22/12,3.49
10/19/12,3.43
10/18/12,3.28
10/17/12,3.24
10/16/12,3.27
10/15/12,3.35
10/12/12,3.38
10/11/12,3.28
10/10/12,3.26
10/9/12,3.18
10/8/12,3.18
10/5/12,3.26
10/4/12,3.23
10/3/12,3.21
10/2/12,3.21
10/1/12,3.19
9/28/12,3.08
9/27/12,3.01
9/26/12,2.92
9/25/12,2.84
9/24/12,2.82
9/21/12,2.76
9/20/12,2.76
9/19/12,2.7
9/18/12,2.74
9/17/12,2.83
9/14/12,2.94
9/13/12,3.01
9/12/12,2.96
9/11/12,2.82
9/10/12,2.66
9/7/12,2.73
9/6/12,2.85
9/5/12,2.87
9/4/12,2.81
8/31/12,2.72
8/30/12,2.72
8/29/12,2.64
8/28/12,2.71
8/27/12,2.8
8/24/12,2.81
8/23/12,2.81
8/22/12,2.8
8/21/12,2.8
8/20/12,2.75
8/17/12,2.7
8/16/12,2.78
8/15/12,2.82
8/14/12,2.79
8/13/12,2.77
8/10/12,2.84
8/9/12,2.89
8/8/12,2.97
8/7/12,2.99
8/6/12,2.9
8/3/12,2.91
8/2/12,3.16
8/1/12,3.2
7/31/12,3.2
7/30/12,3.14
7/27/12,3.1
7/26/12,3.13
7/25/12,3.19
7/24/12,3.16
7/23/12,3.05
7/20/12,3.03
7/19/12,2.99
7/18/12,2.84
7/17/12,2.83
7/16/12,2.92
7/13/12,2.88
7/12/12,2.83
7/11/12,2.72
7/10/12,2.87
7/9/12,2.79
7/6/12,2.94
7/5/12,2.9
7/3/12,2.78
7/2/12,2.73
6/29/12,2.74
6/28/12,2.81
6/27/12,2.87
6/26/12,2.7
6/25/12,2.7
6/22/12,2.5
6/21/12,2.48
6/20/12,2.6
6/19/12,2.59
6/18/12,2.45
6/15/12,2.44
6/14/12,2.2
6/13/12,2.18
6/12/12,2.17
6/11/12,2.22
6/8/12,2.22
6/7/12,2.33
6/6/12,2.41
6/5/12,2.39
6/4/12,2.32
6/1/12,2.24
5/31/12,2.34
5/30/12,2.39
5/29/12,2.5
5/25/12,2.56
5/24/12,2.66
5/23/12,2.6
5/22/12,2.55
5/21/12,2.6
5/18/12,2.56
5/17/12,2.6
5/16/12,2.5
5/15/12,2.38
5/14/12,2.41
5/11/12,2.37
5/10/12,2.36
5/9/12,2.36
5/8/12,2.27
5/7/12,2.3
5/4/12,2.3
5/3/12,2.29
5/2/12,2.31
5/1/12,2.29
4/30/12,2.1
4/27/12,2.05
4/26/12,2.1
4/25/12,1.99
4/24/12,1.97
4/23/12,1.89
4/20/12,1.82
4/19/12,1.85
4/18/12,1.87
4/17/12,1.89
4/16/12,1.88
4/13/12,1.87
4/12/12,1.87
4/11/12,1.91
4/10/12,1.99
4/9/12,1.99
4/5/12,1.98
4/4/12,2.06
4/3/12,1.94
4/2/12,1.88
3/30/12,2
3/29/12,2.02
3/28/12,2.05
3/27/12,2.09
3/26/12,2.16
3/23/12,2.07
3/22/12,2.19
3/21/12,2.21
3/20/12,2.19
3/19/12,2.14
3/16/12,2.01
3/15/12,2.07
3/14/12,2.13
3/13/12,2.15
3/12/12,2.17
3/9/12,2.21
3/8/12,2.24
3/7/12,2.24
3/6/12,2.3
3/5/12,2.31
3/2/12,2.38
3/1/12,2.45
2/29/12,2.44
2/28/12,2.44
2/27/12,2.55
2/24/12,2.6
2/23/12,2.68
2/22/12,2.6
2/21/12,2.63
2/17/12,2.67
2/16/12,2.47
2/15/12,2.54
2/14/12,2.48
2/13/12,2.42
2/10/12,2.51
2/9/12,2.5
2/8/12,2.48
2/7/12,2.6
2/6/12,2.46
2/3/12,2.4
2/2/12,2.3
2/1/12,2.32
1/31/12,2.51
1/30/12,2.71
1/27/12,2.59
1/26/12,2.68
1/25/12,2.61
1/24/12,2.6
1/23/12,2.39
1/20/12,2.23
1/19/12,2.36
1/18/12,2.49
1/17/12,2.51
1/13/12,2.67
1/12/12,2.7
1/11/12,2.81
1/10/12,2.97
1/9/12,2.89
1/6/12,2.85
1/5/12,2.91
1/4/12,2.96
1/3/12,2.97
12/30/11,2.98
12/29/11,3.03
12/28/11,3.07
12/27/11,3.09
12/23/11,2.97
12/22/11,3.08
12/21/11,3.05
12/20/11,3.06
12/19/11,3.03
12/16/11,3.01
12/15/11,3.05
12/14/11,3.08
12/13/11,3.12
12/12/11,3.13
12/9/11,3.29
12/8/11,3.42
12/7/11,3.45
12/6/11,3.43
12/5/11,3.38
12/2/11,3.35
12/1/11,3.49
11/30/11,3.53
11/29/11,3.39
11/28/11,3.09
11/25/11,2.84
11/23/11,2.84
11/22/11,3.06
11/21/11,2.94
11/18/11,3.01
11/17/11,3.11
11/16/11,3.11
11/15/11,3.12
11/14/11,3.17
11/11/11,3.29
11/10/11,3.48
11/9/11,3.55
11/8/11,3.42
11/7/11,3.35
11/4/11,3.44
11/3/11,3.39
11/2/11,3.39
11/1/11,3.49
10/31/11,3.66
10/28/11,3.63
10/27/11,3.59
10/26/11,3.65
10/25/11,3.62
10/24/11,3.61
10/21/11,3.54
10/20/11,3.61
10/19/11,3.59
10/18/11,3.63
10/17/11,3.72
10/14/11,3.49
10/13/11,3.42
10/12/11,3.54
10/11/11,3.52
10/10/11,3.41
10/7/11,3.4
10/6/11,3.49
10/5/11,3.63
10/4/11,3.56
10/3/11,3.57
9/30/11,3.68
9/29/11,3.77
9/28/11,3.88
9/27/11,3.92
9/26/11,3.8
9/23/11,3.74
9/22/11,3.72
9/21/11,3.78
9/20/11,3.84
9/19/11,3.78
9/16/11,3.84
9/15/11,4.04
9/14/11,4.01
9/13/11,3.96
9/12/11,3.92
9/9/11,3.96
9/8/11,3.99
9/7/11,3.96
9/6/11,3.93
9/2/11,4.12
9/1/11,4.18
8/31/11,3.97
8/30/11,3.85
8/29/11,3.93
8/26/11,3.96
8/25/11,4.01
8/24/11,4.1
8/23/11,4.01
8/22/11,3.97
8/19/11,3.99
8/18/11,3.98
8/17/11,3.98
8/16/11,4.03
8/15/11,4.05
8/12/11,4.17
8/11/11,4.06
8/10/11,4.09
8/9/11,4.06
8/8/11,4
8/5/11,4
8/4/11,4.2
8/3/11,4.26
8/2/11,4.3
8/1/11,4.29
7/29/11,4.26
7/28/11,4.41
7/27/11,4.46
7/26/11,4.43
7/25/11,4.45
7/22/11,4.46
7/21/11,4.58
7/20/11,4.64
7/19/11,4.6
7/18/11,4.6
7/15/11,4.49
7/14/11,4.42
7/13/11,4.43
7/12/11,4.38
7/11/11,4.35
7/8/11,4.19
7/7/11,4.25
7/6/11,4.34
7/5/11,4.4
7/1/11,4.33
6/30/11,4.28
6/29/11,4.4
6/28/11,4.34
6/27/11,4.25
6/24/11,4.2
6/23/11,4.31
6/22/11,4.42
6/21/11,4.37
6/20/11,4.33
6/17/11,4.39
6/16/11,4.54
6/15/11,4.53
6/14/11,4.59
6/13/11,4.75
6/10/11,4.72
6/9/11,4.92
6/8/11,4.83
6/7/11,4.83
6/6/11,4.83
6/3/11,4.72
6/2/11,4.64
6/1/11,4.62
5/31/11,4.63
5/27/11,4.36
5/26/11,4.37
5/25/11,4.36
5/24/11,4.37
5/23/11,4.27
5/20/11,4.05
5/19/11,4.1
5/18/11,4.15
5/17/11,4.25
5/16/11,4.21
5/13/11,4.09
5/12/11,4.1
5/11/11,4.23
5/10/11,4.19
5/9/11,4.28
5/6/11,4.24
5/5/11,4.49
5/4/11,4.59
5/3/11,4.6
5/2/11,4.6
4/29/11,4.51
4/28/11,4.38
4/27/11,4.35
4/26/11,4.32
4/25/11,4.37
4/21/11,4.33
4/20/11,4.33
4/19/11,4.19
4/18/11,4.23
4/15/11,4.21
4/14/11,4.12
4/13/11,4.14
4/12/11,4.08
4/11/11,4.05
4/8/11,4.05
4/7/11,4.12
4/6/11,4.17
4/5/11,4.22
4/4/11,4.21
4/1/11,4.32
3/31/11,4.32
3/30/11,4.25
3/29/11,4.27
3/28/11,4.35
3/25/11,4.13
3/24/11,4.27
3/23/11,4.18
3/22/11,4.05
3/21/11,3.99
3/18/11,3.98
3/17/11,3.85
3/16/11,3.86
3/15/11,3.81
3/14/11,3.9
3/11/11,3.78
3/10/11,3.87
3/9/11,3.81
3/8/11,3.83
3/7/11,3.73
3/4/11,3.7
3/3/11,3.75
3/2/11,3.79
3/1/11,3.93
2/28/11,3.93
2/25/11,3.81
2/24/11,3.83
2/23/11,3.83
2/22/11,3.89
2/18/11,3.84
2/17/11,3.9
2/16/11,3.93
2/15/11,3.92
2/14/11,3.89
2/11/11,3.96
2/10/11,4.11
2/9/11,4.22
2/8/11,4.24
2/7/11,4.32
2/4/11,4.48
2/3/11,4.69
2/2/11,4.55
2/1/11,4.42
1/31/11,4.42
1/28/11,4.27
1/27/11,4.41
1/26/11,4.4
1/25/11,4.46
1/24/11,4.72
1/21/11,4.72
1/20/11,4.57
1/19/11,4.48
1/18/11,4.52
1/14/11,4.38
1/13/11,4.48
1/12/11,4.55
1/11/11,4.42
1/10/11,4.49
1/7/11,4.42
1/6/11,4.49
1/5/11,4.52
1/4/11,4.61
1/3/11,4.54
12/31/10,4.22
12/30/10,4.22
12/29/10,4.19
12/28/10,4.1
12/27/10,4.05
12/23/10,4.08
12/22/10,4.01
12/21/10,4.17
12/20/10,4.1
12/17/10,3.99
12/16/10,4.19
12/15/10,4.22
12/14/10,4.35
12/13/10,4.55
12/10/10,4.37
12/9/10,4.52
12/8/10,4.47
12/7/10,4.48
12/6/10,4.47
12/3/10,4.23
12/2/10,4.28
12/1/10,4.21
11/30/10,4.16
11/29/10,4.12
11/26/10,3.82
11/24/10,3.82
11/23/10,3.93
11/22/10,4.02
11/19/10,3.79
11/18/10,3.89
11/17/10,3.77
11/16/10,3.66
11/15/10,3.56
11/12/10,3.5
11/11/10,3.73
11/10/10,4
11/9/10,3.76
11/8/10,3.49
11/5/10,3.47
11/4/10,3.53
11/3/10,3.35
11/2/10,3.2
11/1/10,3.42
10/29/10,3.36
10/28/10,3.36
10/27/10,3.37
10/26/10,3.28
10/25/10,3.18
10/22/10,3.19
10/21/10,3.46
10/20/10,3.46
10/19/10,3.36
10/18/10,3.36
10/15/10,3.47
10/14/10,3.58
10/13/10,3.58
10/12/10,3.4
10/11/10,3.43
10/8/10,3.36
10/7/10,3.62
10/6/10,3.56
10/5/10,3.51
10/4/10,3.56
10/1/10,3.67
9/30/10,3.85
9/29/10,3.81
9/28/10,3.8
9/27/10,3.8
9/24/10,3.97
9/23/10,4.08
9/22/10,4.02
9/21/10,3.95
9/20/10,4.01
9/17/10,4.11
9/16/10,4.09
9/15/10,4.06
9/14/10,3.98
9/13/10,3.83
9/10/10,3.79
9/9/10,3.79
9/8/10,3.81
9/7/10,3.82
9/3/10,3.74
9/2/10,3.74
9/1/10,3.73
8/31/10,3.8
8/30/10,3.77
8/27/10,3.75
8/26/10,3.85
8/25/10,3.99
8/24/10,4.07
8/23/10,4.12
8/20/10,4.19
8/19/10,4.29
8/18/10,4.35
8/17/10,4.28
8/16/10,4.37
8/13/10,4.35
8/12/10,4.42
8/11/10,4.38
8/10/10,4.43
8/9/10,4.52
8/6/10,4.67
8/5/10,4.84
8/4/10,4.77
8/3/10,4.78
8/2/10,4.94
7/30/10,4.81
7/29/10,4.8
7/28/10,4.75
7/27/10,4.72
7/26/10,4.65
7/23/10,4.69
7/22/10,4.67
7/21/10,4.7
7/20/10,4.59
7/19/10,4.56
7/16/10,4.68
7/15/10,4.43
7/14/10,4.39
7/13/10,4.46
7/12/10,4.42
7/9/10,4.36
7/8/10,4.61
7/7/10,4.76
7/6/10,4.85
7/2/10,4.72
7/1/10,4.54
6/30/10,4.53
6/29/10,4.68
6/28/10,4.85
6/25/10,4.84
6/24/10,4.88
6/23/10,4.9
6/22/10,4.87
6/21/10,5.15
6/18/10,5.17
6/17/10,5.14
6/16/10,5.13
6/15/10,5.11
6/14/10,4.94
6/11/10,4.68
6/10/10,4.68
6/9/10,4.75
6/8/10,4.89
6/7/10,4.67
6/4/10,4.6
6/3/10,4.46
6/2/10,4.32
6/1/10,4.39
5/28/10,4.31
5/27/10,4.22
5/26/10,4.19
5/25/10,4.08
5/24/10,4.08
5/21/10,4.12
5/20/10,4.12
5/19/10,4.28
5/18/10,4.42
5/17/10,4.34
5/14/10,4.27
5/13/10,4.26
5/12/10,4.18
5/11/10,4.15
5/10/10,4.08
5/7/10,3.91
5/6/10,3.97
5/5/10,4
5/4/10,3.96
5/3/10,3.86
4/30/10,3.94
4/29/10,4.24
4/28/10,4.19
4/27/10,4.18
4/26/10,4.23
4/23/10,4.07
4/22/10,3.95
4/21/10,3.96
4/20/10,3.93
4/19/10,4.02
4/16/10,3.97
4/15/10,4.16
4/14/10,4.15
4/13/10,3.97
4/12/10,4.04
4/9/10,3.9
4/8/10,3.92
4/7/10,4.08
4/6/10,4.16
4/5/10,3.93
4/1/10,3.72
3/31/10,3.93
3/30/10,3.79
3/29/10,3.83
3/26/10,3.92
3/25/10,4.01
3/24/10,4.02
3/23/10,4.08
3/22/10,4.02
3/19/10,4.01
3/18/10,4.19
3/17/10,4.27
3/16/10,4.38
3/15/10,4.29
3/12/10,4.35
3/11/10,4.47
3/10/10,4.44
3/9/10,4.51
3/8/10,4.47
3/5/10,4.56
3/4/10,4.78
3/3/10,4.76
3/2/10,4.78
3/1/10,4.83
2/26/10,4.76
2/25/10,4.84
2/24/10,4.91
2/23/10,4.91
2/22/10,4.92
2/19/10,5.1
2/18/10,5.4
2/17/10,5.47
2/16/10,5.65
2/12/10,5.48
2/11/10,5.53
2/10/10,5.48
2/9/10,5.54
2/8/10,5.73
2/5/10,5.61
2/4/10,5.47
2/3/10,5.51
2/2/10,5.47
2/1/10,5.3
1/29/10,5.26
1/28/10,5.32
1/27/10,5.42
1/26/10,5.61
1/25/10,5.76
1/22/10,5.67
1/21/10,5.52
1/20/10,5.54
1/19/10,5.51
1/15/10,5.66
1/14/10,5.77
1/13/10,5.61
1/12/10,5.57
1/11/10,5.77
1/8/10,6.56
1/7/10,7.51
1/6/10,6.47
1/5/10,6.19
1/4/10,6.09
12/31/09,5.82
12/30/09,5.78
12/29/09,6.01
12/28/09,5.91
12/24/09,5.75
12/23/09,5.55
12/22/09,5.56
12/21/09,5.79
12/18/09,5.87
12/17/09,5.65
12/16/09,5.57
12/15/09,5.53
12/14/09,5.41
12/11/09,5.21
12/10/09,5.02
12/9/09,5.27
12/8/09,5.1
12/7/09,4.78
12/4/09,4.53
12/3/09,4.57
12/2/09,4.67
12/1/09,4.3
11/30/09,4.41
11/27/09,3.32
11/25/09,3.32
11/24/09,3.63
11/23/09,3.79
11/20/09,3.09
11/19/09,3.57
11/18/09,3.74
11/17/09,3.47
11/16/09,2.65
11/13/09,2.51
11/12/09,3.24
11/11/09,3.59
11/10/09,3.76
11/9/09,3.78
11/6/09,3.95
11/5/09,4.3
11/4/09,4.49
11/3/09,4.33
11/2/09,4.32
10/30/09,4.11
10/29/09,4.11
10/28/09,4.59
10/27/09,4.52
10/26/09,4.52
10/23/09,4.88
10/22/09,4.98
10/21/09,4.8
10/20/09,4.6
10/19/09,4.22
10/16/09,3.94
10/15/09,3.88
10/14/09,3.82
10/13/09,4.03
10/12/09,3.96
10/9/09,3.92
10/8/09,4.24
10/7/09,3.7
10/6/09,3.23
10/5/09,2.89
10/2/09,2.32
10/1/09,2.91
9/30/09,3.25
9/29/09,3.3
9/28/09,3.54
9/25/09,3.61
9/24/09,3.56
9/23/09,3.43
9/22/09,3.37
9/21/09,3.35
9/18/09,3.21
9/17/09,3.5
9/16/09,3.28
9/15/09,3.21
9/14/09,2.84
9/11/09,2.94
9/10/09,2.68
9/9/09,2.72
9/8/09,2.43
9/4/09,1.83
9/3/09,2.06
9/2/09,2.25
9/1/09,2.36
8/31/09,2.42
8/28/09,2.52
8/27/09,2.76
8/26/09,2.76
8/25/09,2.85
8/24/09,2.69
8/21/09,2.78
8/20/09,3.03
8/19/09,3.03
8/18/09,3.12
8/17/09,3.11
8/14/09,3.18
8/13/09,3.34
8/12/09,3.36
8/11/09,3.54
8/10/09,3.55
8/7/09,3.57
8/6/09,3.78
8/5/09,3.61
8/4/09,3.53
8/3/09,3.43
7/31/09,3.34
7/30/09,3.34
7/29/09,3.41
7/28/09,3.49
7/27/09,3.46
7/24/09,3.37
7/23/09,3.66
7/22/09,3.49
7/21/09,3.48
7/20/09,3.49
7/17/09,3.39
7/16/09,3.21
7/15/09,3.37
7/14/09,3.29
7/13/09,3.17
7/10/09,3.24
7/9/09,3.36
7/8/09,3.22
7/7/09,3.3
7/6/09,3.24
7/2/09,3.49
7/1/09,3.63
6/30/09,3.72
6/29/09,3.88
6/26/09,3.81
6/25/09,3.82
6/24/09,3.8
6/23/09,3.91
6/22/09,4.01
6/19/09,4.04
6/18/09,4.19
6/17/09,3.99
6/16/09,4.16
6/15/09,3.8
6/12/09,3.54
6/11/09,3.51
6/10/09,3.56
6/9/09,3.53
6/8/09,3.53
6/5/09,3.51
6/4/09,3.58
6/3/09,3.81
6/2/09,4.05
6/1/09,3.86
5/29/09,3.92
5/28/09,3.55
5/27/09,3.49
5/26/09,3.35
5/22/09,3.41
5/21/09,3.77
5/20/09,3.75
5/19/09,3.99
5/18/09,4.02
5/15/09,4.05
5/14/09,4.1
5/13/09,4.42
5/12/09,4.41
5/11/09,4.24
5/8/09,4.16
5/7/09,3.96
5/6/09,3.67
5/5/09,3.62
5/4/09,3.47
5/1/09,3.3
4/30/09,3.25
4/29/09,3.43
4/28/09,3.29
4/27/09,3.19
4/24/09,3.31
4/23/09,3.46
4/22/09,3.48
4/21/09,3.43
4/20/09,3.55
4/17/09,3.47
4/16/09,3.54
4/15/09,3.6
4/14/09,3.59
4/13/09,3.46
4/9/09,3.59
4/8/09,3.5
4/7/09,3.6
4/6/09,3.74
4/3/09,3.66
4/2/09,3.69
4/1/09,3.56
3/31/09,3.58
3/30/09,3.63
3/27/09,3.73
3/26/09,4.16
3/25/09,4.13
3/24/09,4.13
3/23/09,4.17
3/20/09,3.99
3/19/09,3.68
3/18/09,3.75
3/17/09,3.78
3/16/09,3.78
3/13/09,3.9
3/12/09,3.87
3/11/09,3.92
3/10/09,3.88
3/9/09,3.86
3/6/09,3.93
3/5/09,4.22
3/4/09,4.23
3/3/09,4.43
3/2/09,4.36
2/27/09,4.04
2/26/09,4.08
2/25/09,4.2
2/24/09,4.21
2/23/09,4.23
2/20/09,4.21
2/19/09,4.46
2/18/09,4.35
2/17/09,4.35
2/13/09,4.6
2/12/09,4.73
2/11/09,4.68
2/10/09,4.84
2/9/09,4.76
2/6/09,4.67
2/5/09,4.84
2/4/09,5.01
2/3/09,5.04
2/2/09,4.48
1/30/09,4.77
1/29/09,4.71
1/28/09,4.84
1/27/09,4.76
1/26/09,4.62
1/23/09,4.75
1/22/09,4.72
1/21/09,4.87
1/20/09,4.86
1/16/09,5.09
1/15/09,5.27
1/14/09,5.47
1/13/09,5.7
1/12/09,5.59
1/9/09,5.6
1/8/09,5.96
1/7/09,5.89
1/6/09,6.1
1/5/09,5.83
1/2/09,5.41
12/31/08,5.63
12/30/08,5.71
12/29/08,5.81
12/26/08,5.44
12/24/08,5.44
12/23/08,5.37
12/22/08,5.39
12/19/08,5.66
12/18/08,5.63
12/17/08,5.79
12/16/08,5.75
12/15/08,5.75
12/12/08,5.56
12/11/08,5.86
12/10/08,5.67
12/9/08,5.57
12/8/08,5.73
12/5/08,5.99
12/4/08,6.55
12/3/08,6.48
12/2/08,6.68
12/1/08,6.48
11/28/08,6.43
11/26/08,6.43
11/25/08,6.71
11/24/08,6.85
11/21/08,6.56
11/20/08,6.76
11/19/08,6.76
11/18/08,6.74
11/17/08,6.55
11/14/08,6.33
11/13/08,6.31
11/12/08,6.65
11/11/08,7.02
11/10/08,7.07
11/7/08,6.6
11/6/08,7.04
11/5/08,6.94
11/4/08,6.79
11/3/08,6.45
10/31/08,6.18
10/30/08,6.75
10/29/08,6.58
10/28/08,6.4
10/27/08,6.27
10/24/08,6.29
10/23/08,6.77
10/22/08,6.94
10/21/08,6.76
10/20/08,6.98
10/17/08,6.76
10/16/08,6.65
10/15/08,6.64
10/14/08,6.74
10/13/08,6.62
10/10/08,6.52
10/9/08,6.69
10/8/08,6.58
10/7/08,6.74
10/6/08,6.87
10/3/08,7.16
10/2/08,7.64
10/1/08,7.41
9/30/08,7.17
9/29/08,7.13
9/26/08,7.42
9/25/08,7.63
9/24/08,8.15
9/23/08,7.84
9/22/08,7.66
9/19/08,7.79
9/18/08,8.26
9/17/08,7.72
9/16/08,7.76
9/15/08,8.02
9/12/08,8.02
9/11/08,7.83
9/10/08,7.65
9/9/08,7.28
9/8/08,7.68
9/5/08,7.4
9/4/08,7.24
9/3/08,7.26
9/2/08,8.24
8/29/08,8.24
8/28/08,8.36
8/27/08,8.54
8/26/08,8.02
8/25/08,7.63
8/22/08,7.98
8/21/08,8.04
8/20/08,8.02
8/19/08,7.73
8/18/08,7.74
8/15/08,7.82
8/14/08,8.15
8/13/08,8.11
8/12/08,8.23
8/11/08,8.18
8/8/08,8.22
8/7/08,8.77
8/6/08,8.7
8/5/08,8.66
8/4/08,9.2
8/1/08,9.05
7/31/08,9.26
7/30/08,9.01
7/29/08,9.17
7/28/08,9.26
7/25/08,9.34
7/24/08,9.7
7/23/08,9.88
7/22/08,10.16
7/21/08,10.58
7/18/08,10.54
7/17/08,11.43
7/16/08,11.15
7/15/08,11.79
7/14/08,11.58
7/11/08,12.15
7/10/08,11.83
7/9/08,12.1
7/8/08,12.47
7/7/08,12.96
7/3/08,13
7/2/08,13.31
7/1/08,13.28
6/30/08,13.19
6/27/08,13.1
6/26/08,12.7
6/25/08,12.76
6/24/08,12.96
6/23/08,12.92
6/20/08,12.76
6/19/08,13.09
6/18/08,12.93
6/17/08,12.87
6/16/08,12.73
6/13/08,12.51
6/12/08,12.51
6/11/08,12.49
6/10/08,12.72
6/9/08,12.71
6/6/08,12.71
6/5/08,12.49
6/4/08,12.17
6/3/08,12.27
6/2/08,11.8
5/30/08,11.43
5/29/08,11.81
5/28/08,11.6
5/27/08,11.85
5/23/08,11.56
5/22/08,11.57
5/21/08,11.4
5/20/08,10.94
5/19/08,11.1
5/16/08,11.31
5/15/08,11.41
5/14/08,11.52
5/13/08,11.18
5/12/08,11.38
5/9/08,11.29
5/8/08,11.33
5/7/08,11.08
5/6/08,11.09
5/5/08,10.77
5/2/08,10.37
5/1/08,10.66
4/30/08,10.81
4/29/08,10.94
4/28/08,10.95
4/25/08,10.72
4/24/08,10.58
4/23/08,10.33
4/22/08,10.56
4/21/08,10.5
4/18/08,10.08
4/17/08,10.27
4/16/08,10.11
4/15/08,10.16
4/14/08,10.03
4/11/08,10.07
4/10/08,10.18
4/9/08,9.88
4/8/08,9.78
4/7/08,9.48
4/4/08,9.36
4/3/08,9.68
4/2/08,9.6
4/1/08,9.92
3/31/08,9.86
3/28/08,9.36
3/27/08,9.3
3/26/08,9.25
3/25/08,9.28
3/24/08,8.99
3/20/08,8.54
3/19/08,9.11
3/18/08,9.1
3/17/08,9.59
3/14/08,9.84
3/13/08,9.74
3/12/08,9.69
3/11/08,9.85
3/10/08,9.59
3/7/08,9.82
3/6/08,9.7
3/5/08,9.37
3/4/08,9.21
3/3/08,9.07
2/29/08,9.1
2/28/08,9.11
2/27/08,9.21
2/26/08,9.21
2/25/08,9.15
2/22/08,8.65
2/21/08,8.9
2/20/08,9.08
2/19/08,8.91
2/15/08,8.73
2/14/08,8.5
2/13/08,8.35
2/12/08,8.37
2/11/08,8.38
2/8/08,8.06
2/7/08,7.99
2/6/08,7.94
2/5/08,7.8
2/4/08,7.56
2/1/08,7.88
1/31/08,8.1
1/30/08,8.17
1/29/08,8.1
1/28/08,7.87
1/25/08,7.8
1/24/08,7.85
1/23/08,7.84
1/22/08,7.97
1/18/08,8.42
1/17/08,8.1
1/16/08,8.23
1/15/08,8.43
1/14/08,8.45
1/11/08,8.13
1/10/08,7.96
1/9/08,7.89
1/8/08,7.59
1/7/08,7.61
1/4/08,7.51
1/3/08,7.84
1/2/08,7.83
12/31/07,7.11
12/28/07,7.11
12/27/07,6.8
12/26/07,6.94
12/24/07,7.03
12/21/07,7.03
12/20/07,7.19
12/19/07,7.18
12/18/07,7.16
12/17/07,7.06
12/14/07,7.09
12/13/07,7.46
12/12/07,7.22
12/11/07,7.12
12/10/07,6.98
12/7/07,7.04
12/6/07,7.29
12/5/07,7.04
12/4/07,7.27
12/3/07,6.97
11/30/07,7.29
11/29/07,7.45
11/28/07,7.51
11/27/07,7.42
11/26/07,7.53
11/23/07,6.67
11/21/07,6.67
11/20/07,6.81
11/19/07,7.38
11/16/07,7.29
11/15/07,7.35
11/14/07,7.28
11/13/07,7.22
11/12/07,6.83
11/9/07,6.59
11/8/07,6.81
11/7/07,7.42
11/6/07,7.2
11/5/07,6.71
11/2/07,6.63
11/1/07,7.09
10/31/07,7.28
10/30/07,6.99
10/29/07,6.66
10/26/07,6.43
10/25/07,6.49
10/24/07,6.11
10/23/07,6.3
10/22/07,6.63
10/19/07,6.91
10/18/07,7.11
10/17/07,7.12
10/16/07,7.29
10/15/07,7.09
10/12/07,6.46
10/11/07,6.85
10/10/07,6.79
10/9/07,6.63
10/8/07,6.69
10/5/07,6.77
10/4/07,6.91
10/3/07,6.96
10/2/07,6.55
10/1/07,6.07
9/28/07,6.15
9/27/07,6.38
9/26/07,6.47
9/25/07,6.54
9/24/07,6.12
9/21/07,5.96
9/20/07,6.02
9/19/07,6.25
9/18/07,6.42
9/17/07,6.38
9/14/07,6.23
9/13/07,6.27
9/12/07,6.13
9/11/07,5.98
9/10/07,5.56
9/7/07,5.53
9/6/07,6.02
9/5/07,5.8
9/4/07,5.3
8/31/07,5.49
8/30/07,5.54
8/29/07,5.64
8/28/07,5.56
8/27/07,5.34
8/24/07,5.69
8/23/07,5.73
8/22/07,5.84
8/21/07,5.92
8/20/07,6.47
8/17/07,7.14
8/16/07,6.96
8/15/07,7.3
8/14/07,6.86
8/13/07,7.15
8/10/07,6.57
8/9/07,6.45
8/8/07,6.24
8/7/07,6.38
8/6/07,6.1
8/3/07,6.11
8/2/07,6.34
8/1/07,6.19
7/31/07,6.53
7/30/07,6.31
7/27/07,5.77
7/26/07,5.83
7/25/07,5.56
7/24/07,5.66
7/23/07,6
7/20/07,6.46
7/19/07,6.5
7/18/07,6.23
7/17/07,6.34
7/16/07,6.32
7/13/07,6.27
7/12/07,6.26
7/11/07,6.66
7/10/07,6.44
7/9/07,6.39
7/6/07,6.15
7/5/07,6.3
7/3/07,6.37
7/2/07,6.24
6/29/07,6.4
6/28/07,6.79
6/27/07,6.74
6/26/07,6.85
6/25/07,6.77
6/22/07,7.04
6/21/07,7.24
6/20/07,7.39
6/19/07,7.46
6/18/07,7.69
6/15/07,7.58
6/14/07,7.48
6/13/07,7.6
6/12/07,7.45
6/11/07,7.42
6/8/07,7.52
6/7/07,7.89
6/6/07,7.83
6/5/07,7.83
6/4/07,7.73
6/1/07,7.57
5/31/07,7.8
5/30/07,7.71
5/29/07,7.51
5/25/07,7.47
5/24/07,7.56
5/23/07,7.51
5/22/07,7.6
5/21/07,7.66
5/18/07,7.87
5/17/07,7.69
5/16/07,7.62
5/15/07,7.68
5/14/07,7.85
5/11/07,7.53
5/10/07,7.63
5/9/07,7.46
5/8/07,7.5
5/7/07,7.69
5/4/07,7.82
5/3/07,7.58
5/2/07,7.64
5/1/07,7.64
4/30/07,7.71
4/27/07,7.44
4/26/07,7.56
4/25/07,7.6
4/24/07,7.57
4/23/07,7.24
4/20/07,7.32
4/19/07,7.54
4/18/07,7.54
4/17/07,7.5
4/16/07,7.66
4/13/07,7.93
4/12/07,7.95
4/11/07,7.97
4/10/07,7.65
4/9/07,7.65
4/5/07,7.53
4/4/07,7.46
4/3/07,7.57
4/2/07,7.62
3/30/07,7.5
3/29/07,7.34
3/28/07,7.47
3/27/07,7.15
3/26/07,7.15
3/23/07,7.16
3/22/07,7.07
3/21/07,6.82
3/20/07,6.81
3/19/07,6.7
3/16/07,6.84
3/15/07,7.02
3/14/07,6.86
3/13/07,6.78
3/12/07,6.81
3/9/07,7.05
3/8/07,7.14
3/7/07,7.5
3/6/07,7.55
3/5/07,7.36
3/2/07,7.22
3/1/07,7.07
2/28/07,7.23
2/27/07,7.44
2/26/07,7.73
2/23/07,7.53
2/22/07,7.47
2/21/07,7.51
2/20/07,7.34
2/16/07,8.45
2/15/07,8.91
2/14/07,8.9
2/13/07,8.09
2/12/07,7.78
2/9/07,8.16
2/8/07,8.06
2/7/07,7.9
2/6/07,8.29
2/5/07,9.14
2/2/07,8.17
2/1/07,7.93
1/31/07,7.76
1/30/07,7.32
1/29/07,7.35
1/26/07,6.95
1/25/07,7.18
1/24/07,7.58
1/23/07,7.53
1/22/07,7.2
1/19/07,6.4
1/18/07,6.29
1/17/07,6.57
1/16/07,6.82
1/12/07,5.97
1/11/07,6.09
1/10/07,6.42
1/9/07,6.15
1/8/07,6.02
1/5/07,5.52
1/4/07,5.6
1/3/07,5.47
1/2/07,5.4
12/29/06,5.5
12/28/06,5.63
12/27/06,5.54
12/26/06,5.72
12/22/06,5.88
12/21/06,6.09
12/20/06,6.43
12/19/06,6.27
12/18/06,6.62
12/15/06,6.82
12/14/06,7.26
12/13/06,7.21
12/12/06,6.93
12/11/06,6.81
12/8/06,7.45
12/7/06,7.61
12/6/06,7.32
12/5/06,7.32
12/4/06,7.84
12/1/06,8.42
11/30/06,8.32
11/29/06,7.74
11/28/06,7.61
11/27/06,7.58
11/22/06,7.42
11/21/06,7.57
11/20/06,7.79
11/17/06,7.23
11/16/06,7.59
11/15/06,7.45
11/14/06,7.42
11/13/06,7.26
11/10/06,7.16
11/9/06,7.35
11/8/06,7.39
11/7/06,6.59
11/6/06,6.72
11/3/06,7.43
11/2/06,7.32
11/1/06,7.15
10/31/06,6.64
10/30/06,6.99
10/27/06,7.41
10/26/06,7.91
10/25/06,7.2
10/24/06,7.13
10/23/06,7.29
10/20/06,6.88
10/19/06,6.77
10/18/06,6.07
10/17/06,6.26
10/16/06,5.13
10/13/06,4.3
10/12/06,5.17
10/11/06,5.66
10/10/06,5.16
10/9/06,5.06
10/6/06,4.41
10/5/06,4.69
10/4/06,4.38
10/3/06,4.01
10/2/06,4.11
9/29/06,3.66
9/28/06,4.15
9/27/06,4.35
9/26/06,4.36
9/25/06,4.31
9/22/06,4.47
9/21/06,4.65
9/20/06,4.87
9/19/06,4.99
9/18/06,5.02
9/15/06,4.4
9/14/06,5.09
9/13/06,5.4
9/12/06,5.57
9/11/06,5.29
9/8/06,5.31
9/7/06,5.64
9/6/06,5.7
9/5/06,5.45
9/1/06,5.24
8/31/06,5.8
8/30/06,6.4
8/29/06,6.24
8/28/06,6.51
8/25/06,7.48
8/24/06,7.22
8/23/06,7.19
8/22/06,6.86
8/21/06,6.72
8/18/06,6.66
8/17/06,6.73
8/16/06,7.01
8/15/06,6.9
8/14/06,6.89
8/11/06,7.56
8/10/06,7.95
8/9/06,7.6
8/8/06,7.06
8/7/06,6.97
8/4/06,7.44
8/3/06,7.61
8/2/06,8.65
8/1/06,8.66
7/31/06,8.04
7/28/06,7.24
7/27/06,7.03
7/26/06,6.71
7/25/06,6.78
7/24/06,6.33
7/21/06,5.9
7/20/06,6.14
7/19/06,5.89
7/18/06,6.02
7/17/06,6.27
7/14/06,6.28
7/13/06,5.92
7/12/06,5.66
7/11/06,5.51
7/10/06,5.32
7/7/06,5.18
7/6/06,5.28
7/5/06,5.7
6/30/06,5.84
6/29/06,6.09
6/28/06,6.04
6/27/06,5.97
6/26/06,5.89
6/23/06,6.14
6/22/06,6.51
6/21/06,6.5
6/20/06,6.62
6/19/06,6.71
6/16/06,7.03
6/15/06,6.43
6/14/06,6.08
6/13/06,5.95
6/12/06,6.02
6/9/06,6.1
6/8/06,5.84
6/7/06,5.82
6/6/06,6.16
6/5/06,6.4
6/2/06,6.23
6/1/06,6.25
5/31/06,5.97
5/30/06,6.2
5/26/06,5.78
5/25/06,5.85
5/24/06,6.01
5/23/06,6.27
5/22/06,5.91
5/19/06,5.77
5/18/06,5.79
5/17/06,6.15
5/16/06,5.99
5/15/06,5.92
5/12/06,6.35
5/11/06,6.8
5/10/06,6.5
5/9/06,6.55
5/8/06,6.54
5/5/06,6.8
5/4/06,6.47
5/3/06,6.56
5/2/06,6.68
5/1/06,6.53
4/28/06,6.64
4/27/06,6.94
4/26/06,7.17
4/25/06,7.37
4/24/06,7.73
4/21/06,7.65
4/20/06,7.95
4/19/06,7.72
4/18/06,7.6
4/17/06,7.22
4/13/06,6.64
4/12/06,6.78
4/11/06,6.99
4/10/06,6.83
4/7/06,6.81
4/6/06,7.06
4/5/06,6.89
4/4/06,7.04
4/3/06,7.08
3/31/06,6.98
3/30/06,7.19
3/29/06,7.16
3/28/06,7.15
3/27/06,7.05
3/24/06,7.43
3/23/06,7.16
3/22/06,7.06
3/21/06,6.83
3/20/06,7
3/17/06,7.17
3/16/06,7.12
3/15/06,7.1
3/14/06,7.15
3/13/06,6.77
3/10/06,6.4
3/9/06,6.31
3/8/06,6.47
3/7/06,6.53
3/6/06,6.5
3/3/06,6.59
3/2/06,6.69
3/1/06,6.62
2/28/06,6.69
2/27/06,6.97
2/24/06,7.39
2/23/06,7.23
2/22/06,7.55
2/21/06,7.4
2/17/06,7.39
2/16/06,7.16
2/15/06,7.31
2/14/06,7.03
2/13/06,7.36
2/10/06,7.57
2/9/06,7.55
2/8/06,7.88
2/7/06,7.74
2/6/06,8.24
2/3/06,8.01
2/2/06,8.01
2/1/06,8.71
1/31/06,8.73
1/30/06,8.36
1/27/06,8.19
1/26/06,7.86
1/25/06,8.5
1/24/06,8.27
1/23/06,8.29
1/20/06,8.8
1/19/06,8.21
1/18/06,8.86
1/17/06,8.82
1/13/06,8.5
1/12/06,8.7
1/11/06,8.55
1/10/06,8.6
1/9/06,8.79
1/6/06,9.3
1/5/06,9.24
1/4/06,9.25
1/3/06,9.9
12/30/05,9.52
12/29/05,10.07
12/28/05,9.9
12/27/05,10.22
12/23/05,11.17
12/22/05,13.03
12/21/05,13.56
12/20/05,13.79
12/19/05,13.73
12/16/05,13.36
12/15/05,14.07
12/14/05,14.81
12/13/05,15.39
12/12/05,14.82
12/9/05,15.02
12/8/05,14.25
12/7/05,13.95
12/6/05,13.57
12/5/05,14.27
12/2/05,12.95
12/1/05,12.58
11/30/05,11.73
11/29/05,11.17
11/28/05,11.01
11/23/05,11.02
11/22/05,11.15
11/21/05,10.48
11/18/05,10.01
11/17/05,11.92
11/16/05,11.03
11/15/05,9.21
11/14/05,9.15
11/11/05,9.2
11/10/05,9.66
11/9/05,9.31
11/8/05,9.15
11/7/05,8.77
11/4/05,9.67
11/3/05,10.79
11/2/05,10.85
11/1/05,10.8
10/31/05,12.18
10/28/05,13.1
10/27/05,13.9
10/26/05,14.68
10/25/05,13.9
10/24/05,12.95
10/21/05,12.73
10/20/05,13.24
10/19/05,13.52
10/18/05,13.41
10/17/05,13.89
10/14/05,12.8
10/13/05,13.48
10/12/05,13.77
10/11/05,13.67
10/10/05,13.29
10/7/05,13.67
9/22/05,14.84
9/21/05,14.26
9/20/05,12.76
9/19/05,11.99
9/16/05,11.25
9/15/05,11.24
9/14/05,10.8
9/13/05,10.71
9/12/05,10.68
9/9/05,11.03
9/8/05,10.92
9/7/05,11.03
9/6/05,11.56
9/2/05,11.75
9/1/05,11.36
8/31/05,12.69
8/30/05,12.36
8/29/05,9.86
8/26/05,9.86
8/25/05,9.77
8/24/05,10.02
8/23/05,9.96
8/22/05,9.44
8/19/05,9.09
8/18/05,9.38
8/17/05,9.99
8/16/05,9.66
8/15/05,9.53
8/12/05,9.59
8/11/05,9.29
8/10/05,8.82
8/9/05,8.7
8/8/05,8.93
8/5/05,8.6
8/4/05,8.55
8/3/05,8.75
8/2/05,8.38
8/1/05,8.03
7/29/05,7.76
7/28/05,7.69
7/27/05,7.52
7/26/05,7.45
7/25/05,7.38
7/22/05,7.41
7/21/05,7.64
7/20/05,7.75
7/19/05,7.7
7/18/05,7.77
7/15/05,8.02
7/14/05,7.99
7/13/05,7.78
7/12/05,7.79
7/11/05,7.35
7/8/05,7.87
7/7/05,7.62
7/6/05,7.69
7/5/05,7.38
7/1/05,7.01
6/30/05,7.01
6/29/05,7.08
6/28/05,7.04
6/27/05,7.29
6/24/05,7.45
6/23/05,7.51
6/22/05,7.39
6/21/05,7.46
6/20/05,7.8
6/17/05,7.61
6/16/05,7.41
6/15/05,7.39
6/14/05,7.32
6/13/05,7.08
6/10/05,7.09
6/9/05,7.05
6/8/05,7.22
6/7/05,7.13
6/6/05,7.05
6/3/05,6.65
6/2/05,6.63
6/1/05,6.36
5/31/05,6.31
5/27/05,6.22
5/26/05,6.3
5/25/05,6.33
5/24/05,6.45
5/23/05,6.33
5/20/05,6.36
5/19/05,6.39
5/18/05,6.5
5/17/05,6.41
5/16/05,6.45
5/13/05,6.47
5/12/05,6.62
5/11/05,6.63
5/10/05,6.67
5/9/05,6.56
5/6/05,6.67
5/5/05,6.65
5/4/05,6.49
5/3/05,6.61
5/2/05,6.5
4/29/05,6.64
4/28/05,6.67
4/27/05,7.1
4/26/05,7.08
4/25/05,7.27
4/22/05,7.06
4/21/05,6.93
4/20/05,7.1
4/19/05,6.95
4/18/05,6.95
4/15/05,6.95
4/14/05,7.02
4/13/05,7.07
4/12/05,7.34
4/11/05,7.17
4/8/05,7.26
4/7/05,7.5
4/6/05,7.46
4/5/05,7.44
4/4/05,7.8
4/1/05,7.57
3/31/05,7.46
3/30/05,7.18
3/29/05,6.93
3/28/05,6.94
3/24/05,7.07
3/23/05,7.11
3/22/05,7.24
3/21/05,7.16
3/18/05,7.12
3/17/05,7.25
3/16/05,7.08
3/15/05,7.16
3/14/05,6.86
3/11/05,6.73
3/10/05,6.91
3/9/05,6.99
3/8/05,6.81
3/7/05,6.66
3/4/05,6.51
3/3/05,6.71
3/2/05,6.61
3/1/05,6.63
2/28/05,6.62
2/25/05,6.24
2/24/05,6.33
2/23/05,6.02
2/22/05,5.92
2/18/05,5.88
2/17/05,6.05
2/16/05,6.1
2/15/05,6.01
2/14/05,5.95
2/11/05,6.02
2/10/05,6.21
2/9/05,6.2
2/8/05,5.95
2/7/05,6.02
2/4/05,6.12
2/3/05,6.32
2/2/05,6.38
2/1/05,6.28
1/31/05,6.14
1/28/05,6.23
1/27/05,6.5
1/26/05,6.44
1/25/05,6.44
1/24/05,6.41
1/21/05,6.43
1/20/05,6.27
1/19/05,6.19
1/18/05,6.69
1/14/05,6.45
1/13/05,6.06
1/12/05,5.89
1/11/05,5.96
1/10/05,6.21
1/7/05,5.82
1/6/05,5.79
1/5/05,5.84
1/4/05,5.71
1/3/05,5.53
12/30/04,6.02
12/29/04,6.18
12/28/04,6.27
12/27/04,6.57
12/23/04,6.98
12/22/04,7.05
12/21/04,6.83
12/20/04,7.14
12/17/04,7.26
12/16/04,6.88
12/15/04,7.04
12/14/04,7.1
12/13/04,6.89
12/10/04,6.29
12/9/04,6.04
12/8/04,5.98
12/7/04,6.03
12/6/04,6.05
12/3/04,6.04
12/2/04,6.69
12/1/04,6.78
11/30/04,6.79
11/29/04,6.76
11/24/04,5.01
11/23/04,5.24
11/22/04,5.24
11/19/04,4.81
11/18/04,5.59
11/17/04,6.06
11/16/04,6.57
11/15/04,6.02
11/12/04,5.9
11/11/04,6.19
11/10/04,6.12
11/9/04,5.79
11/8/04,6.62
11/5/04,6.08
11/4/04,7.4
11/3/04,7.25
11/2/04,6.88
11/1/04,6.98
10/29/04,6.43
10/28/04,6.8
10/27/04,8.12
10/26/04,7.78
10/25/04,7.75
10/22/04,7.11
10/21/04,7.35
10/20/04,7.27
10/19/04,6.13
10/18/04,5.64
10/15/04,5.64
10/14/04,5.76
10/13/04,5.38
10/12/04,5.63
10/11/04,5.63
10/8/04,5.59
10/7/04,6.24
10/6/04,6
10/5/04,6.07
10/4/04,5.72
10/1/04,5.38
9/30/04,6.36
9/29/04,6.26
9/28/04,5.45
9/27/04,5.22
9/24/04,5.41
9/23/04,5.58
9/22/04,5.58
9/21/04,5.43
9/20/04,5.22
9/17/04,4.95
9/16/04,4.82
9/15/04,5.17
9/14/04,5.15
9/13/04,5.12
9/10/04,4.57
9/9/04,4.57
9/8/04,4.69
9/7/04,4.41
9/3/04,4.32
9/2/04,4.75
9/1/04,5.02
8/31/04,5.04
8/30/04,5.05
8/27/04,5.05
8/26/04,5.19
8/25/04,5.32
8/24/04,5.23
8/23/04,5.34
8/20/04,5.39
8/19/04,5.34
8/18/04,5.36
8/17/04,5.27
8/16/04,5.34
8/13/04,5.27
8/12/04,5.46
8/11/04,5.64
8/10/04,5.78
8/9/04,5.58
8/6/04,5.42
8/5/04,5.54
8/4/04,5.7
8/3/04,5.77
8/2/04,5.86
7/30/04,6.03
7/29/04,5.93
7/28/04,5.77
7/27/04,5.87
7/26/04,5.94
7/23/04,5.98
7/22/04,5.85
7/21/04,5.9
7/20/04,5.8
7/19/04,5.75
7/16/04,5.77
7/15/04,5.92
7/14/04,5.91
7/13/04,5.85
7/12/04,5.95
7/9/04,5.89
7/8/04,6.19
7/7/04,6.27
7/6/04,6.16
7/2/04,5.88
7/1/04,5.95
6/30/04,6.03
6/29/04,6.02
6/28/04,6.13
6/25/04,6.28
6/24/04,6.41
6/23/04,6.3
6/22/04,6.29
6/21/04,6.42
6/18/04,6.48
6/17/04,6.57
6/16/04,6.38
6/15/04,6.35
6/14/04,6.15
6/10/04,6
6/9/04,6.04
6/8/04,6.19
6/7/04,6.09
6/4/04,6.15
6/3/04,6.44
6/2/04,6.51
6/1/04,6.45
5/28/04,6.45
5/27/04,6.51
5/26/04,6.7
5/25/04,6.73
5/24/04,6.48
5/21/04,6.35
5/20/04,6.44
5/19/04,6.18
5/18/04,6.28
5/17/04,6.41
5/14/04,6.43
5/13/04,6.42
5/12/04,6.41
5/11/04,6.24
5/10/04,6.14
5/7/04,6.18
5/6/04,6.22
5/5/04,6.09
5/4/04,6.21
5/3/04,5.8
4/30/04,5.81
4/29/04,5.78
4/28/04,5.8
4/27/04,5.81
4/26/04,5.6
4/23/04,5.53
4/22/04,5.59
4/21/04,5.52
4/20/04,5.46
4/19/04,5.57
4/16/04,5.62
4/15/04,5.68
4/14/04,5.73
4/13/04,5.92
4/12/04,5.85
4/8/04,5.84
4/7/04,5.76
4/6/04,5.7
4/5/04,5.81
4/2/04,5.69
4/1/04,5.82
3/31/04,5.63
3/30/04,5.4
3/29/04,5.25
3/26/04,5.16
3/25/04,5.22
3/24/04,5.35
3/23/04,5.36
3/22/04,5.46
3/19/04,5.49
3/18/04,5.63
3/17/04,5.61
3/16/04,5.6
3/15/04,5.59
3/12/04,5.52
3/11/04,5.33
3/10/04,5.33
3/9/04,5.34
3/8/04,5.42
3/5/04,5.32
3/4/04,5.17
3/3/04,5.34
3/2/04,5.37
3/1/04,5.17
2/27/04,5.27
2/26/04,5.13
2/25/04,5.1
2/24/04,5.08
2/23/04,5.1
2/20/04,5.19
2/19/04,5.28
2/18/04,5.33
2/17/04,5.43
2/13/04,5.62
2/12/04,5.35
2/11/04,5.34
2/10/04,5.49
2/9/04,5.44
2/6/04,5.38
2/5/04,5.54
2/4/04,5.74
2/3/04,5.69
2/2/04,5.51
1/30/04,5.8
1/29/04,5.99
1/28/04,6.04
1/27/04,5.87
1/26/04,5.7
1/23/04,5.82
1/22/04,6.03
1/21/04,6.26
1/20/04,6.15
1/16/04,5.43
1/15/04,6.02
1/14/04,5.73
1/13/04,6.26
1/12/04,6.29
1/9/04,6.91
1/8/04,6.41
1/7/04,6.61
1/6/04,7.04
1/5/04,6.28
12/31/03,5.76
12/30/03,5.96
12/29/03,5.46
12/24/03,5.5
12/23/03,5.58
12/22/03,6.32
12/19/03,6.92
12/18/03,6.98
12/17/03,6.56
12/16/03,6.58
12/15/03,6.63
12/12/03,6.73
12/11/03,6.56
12/10/03,6.67
12/9/03,6.52
12/8/03,6.06
12/5/03,6.27
12/4/03,5.7
12/3/03,5.45
12/2/03,5.45
12/1/03,5.02
11/26/03,4.86
11/25/03,4.49
11/24/03,4.57
11/21/03,4.15
11/20/03,4.35
11/19/03,4.46
11/18/03,4.35
11/17/03,4.49
11/14/03,4.62
11/13/03,4.6
11/12/03,4.77
11/11/03,4.52
11/10/03,4.42
11/7/03,4.48
11/6/03,4.74
11/5/03,4.46
11/4/03,4.01
11/3/03,4.12
10/31/03,3.98
10/30/03,4.4
10/29/03,4.51
10/28/03,4.45
10/27/03,4.56
10/24/03,4.78
10/23/03,4.9
10/22/03,4.89
10/21/03,4.64
10/20/03,4.3
10/17/03,4.53
10/16/03,4.92
10/15/03,4.93
10/14/03,4.84
10/13/03,4.96
10/10/03,4.92
10/9/03,4.78
10/8/03,4.84
10/7/03,4.66
10/6/03,4.4
10/3/03,4.34
10/2/03,4.42
10/1/03,4.47
9/30/03,4.66
9/29/03,4.57
9/26/03,4.42
9/25/03,4.55
9/24/03,4.58
9/23/03,4.51
9/22/03,4.38
9/19/03,4.33
9/18/03,4.52
9/17/03,4.61
9/16/03,4.67
9/15/03,4.66
9/12/03,4.66
9/11/03,4.85
9/10/03,4.78
9/9/03,4.7
9/8/03,4.82
9/5/03,4.76
9/4/03,4.7
9/3/03,4.68
9/2/03,4.62
8/29/03,4.86
8/28/03,4.94
8/27/03,5.11
8/26/03,5.09
8/25/03,5.26
8/22/03,5.24
8/21/03,5.14
8/20/03,5.03
8/19/03,4.99
8/18/03,4.94
8/15/03,4.83
8/14/03,5.1
8/13/03,5.17
8/12/03,5.06
8/11/03,5.08
8/8/03,5.02
8/7/03,4.85
8/6/03,4.74
8/5/03,4.71
8/4/03,4.81
8/1/03,4.71
7/31/03,4.63
7/30/03,4.68
7/29/03,4.72
7/28/03,4.68
7/25/03,4.68
7/24/03,4.86
7/23/03,4.88
7/22/03,5.04
7/21/03,5.11
7/18/03,5.01
7/17/03,4.96
7/16/03,5
7/15/03,5.17
7/14/03,5.15
7/11/03,5.22
7/10/03,5.4
7/9/03,5.56
7/8/03,5.4
7/7/03,5.2
7/3/03,4.96
7/2/03,5.05
7/1/03,5.22
6/30/03,5.31
6/27/03,5.19
6/26/03,5.49
6/25/03,5.64
6/24/03,5.84
6/23/03,5.89
6/20/03,5.68
6/19/03,5.53
6/18/03,5.53
6/17/03,5.66
6/16/03,5.45
6/13/03,5.44
6/12/03,5.86
6/11/03,6.06
6/10/03,6.08
6/9/03,6.25
6/6/03,6.25
6/5/03,6.17
6/4/03,6.4
6/3/03,6.25
6/2/03,6.22
5/30/03,5.99
5/29/03,5.76
5/28/03,5.71
5/27/03,5.84
5/23/03,5.92
5/22/03,6.09
5/21/03,6.08
5/20/03,5.93
5/19/03,6.08
5/16/03,5.96
5/15/03,6.24
5/14/03,6.17
5/13/03,5.98
5/12/03,5.91
5/9/03,5.73
5/8/03,5.65
5/7/03,5.49
5/6/03,5.64
5/5/03,5.36
5/2/03,5.24
5/1/03,5.32
4/30/03,5.25
4/29/03,5.12
4/28/03,5.3
4/25/03,5.39
4/24/03,5.46
4/23/03,5.58
4/22/03,5.58
4/21/03,5.55
4/17/03,5.54
4/16/03,5.62
4/15/03,5.53
4/14/03,5.29
4/11/03,5.28
4/10/03,5.18
4/9/03,5.11
4/8/03,5.21
4/7/03,4.98
4/4/03,4.86
4/3/03,4.91
4/2/03,4.89
4/1/03,4.9
3/31/03,5.01
3/28/03,5.06
3/27/03,4.87
3/26/03,4.9
3/25/03,5.07
3/24/03,5.07
3/21/03,5.05
3/20/03,5.2
3/19/03,5.2
3/18/03,5.13
3/17/03,5.32
3/14/03,5.17
3/13/03,5.71
3/12/03,5.8
3/11/03,6.25
3/10/03,6.78
3/7/03,7.42
3/6/03,7.57
3/5/03,7.8
3/4/03,7.71
3/3/03,8.51
2/28/03,10.81
2/27/03,8.42
2/26/03,10.47
2/25/03,18.48
2/24/03,11.98
2/21/03,6.73
2/20/03,6.38
2/19/03,6.1
2/18/03,6.09
2/14/03,5.88
2/13/03,5.81
2/12/03,6.19
2/11/03,6.19
2/10/03,6.35
2/7/03,6.3
2/6/03,6.08
2/5/03,6.22
2/4/03,6.26
2/3/03,5.71
1/31/03,5.58
1/30/03,5.76
1/29/03,5.61
1/28/03,5.52
1/27/03,5.91
1/24/03,5.91
1/23/03,6.55
1/22/03,5.72
1/21/03,5.47
1/17/03,5.66
1/16/03,5.5
1/15/03,5.21
1/14/03,5.25
1/13/03,5.23
1/10/03,5.19
1/9/03,5.05
1/8/03,5.07
1/7/03,4.89
1/6/03,4.94
1/3/03,5.13
1/2/03,4.93
12/31/02,4.59
12/30/02,4.74
12/27/02,4.81
12/26/02,4.98
12/24/02,5.03
12/23/02,5.03
12/20/02,5.05
12/19/02,5.14
12/18/02,4.98
12/17/02,5.13
12/16/02,5.31
12/13/02,5.05
12/12/02,4.81
12/11/02,4.63
12/10/02,4.4
12/9/02,4.32
12/6/02,4.39
12/5/02,4.35
12/4/02,4.24
12/3/02,4.35
12/2/02,4.23
11/27/02,4.19
11/26/02,4.23
11/25/02,4.34
11/22/02,4.32
11/21/02,4.24
11/20/02,4.27
11/19/02,4.25
11/18/02,4.18
11/15/02,3.92
11/14/02,3.9
11/13/02,3.83
11/12/02,3.83
11/11/02,3.83
11/8/02,3.76
11/7/02,3.9
11/6/02,3.92
11/5/02,3.9
11/4/02,3.94
11/1/02,4.07
10/31/02,4.39
10/30/02,4.34
10/29/02,4.2
10/28/02,4.16
10/25/02,4.12
10/24/02,4.3
10/23/02,4.24
10/22/02,4.2
10/21/02,4.23
10/18/02,4.11
10/17/02,4.1
10/16/02,4.1
10/15/02,4.19
10/14/02,4.19
10/11/02,3.8
10/10/02,3.93
10/9/02,3.91
10/8/02,3.86
10/7/02,3.77
10/4/02,3.86
10/3/02,4.23
10/2/02,4.27
10/1/02,4.41
9/30/02,4.09
9/27/02,3.76
9/26/02,3.61
9/25/02,3.76
9/24/02,4
9/23/02,3.87
9/20/02,3.95
9/19/02,3.9
9/18/02,3.8
9/17/02,3.46
9/16/02,3.45
9/13/02,3.37
9/12/02,3.22
9/11/02,3.33
9/10/02,3.35
9/9/02,3.24
9/6/02,3.39
9/5/02,3.2
9/4/02,3.13
9/3/02,3.1
8/30/02,3.12
8/29/02,3.25
8/28/02,3.31
8/27/02,3.47
8/26/02,3.51
8/23/02,3.48
8/22/02,3.36
8/21/02,3.22
8/20/02,3.25
8/19/02,3.1
8/16/02,3.1
8/15/02,2.92
8/14/02,3.03
8/13/02,3.01
8/12/02,2.91
8/9/02,2.83
8/8/02,2.75
8/7/02,2.73
8/6/02,2.8
8/5/02,2.81
8/2/02,2.9
8/1/02,3.07
7/31/02,3.02
7/30/02,2.97
7/29/02,3.07
7/26/02,2.94
7/25/02,3.05
7/24/02,2.91
7/23/02,2.95
7/22/02,3.01
7/19/02,2.95
7/18/02,2.85
7/17/02,2.97
7/16/02,2.89
7/15/02,2.83
7/12/02,2.87
7/11/02,2.85
7/10/02,3.04
7/9/02,2.97
7/8/02,3.06
7/3/02,3.08
7/2/02,3.17
7/1/02,3.28
6/28/02,3.2
6/27/02,3.22
6/26/02,3.92
6/25/02,3.49
6/24/02,3.33
6/21/02,3.18
6/20/02,3.33
6/19/02,3.24
6/18/02,3.23
6/17/02,3.34
6/14/02,3.13
6/13/02,3.04
6/12/02,3.15
6/11/02,3.11
6/10/02,3.14
6/7/02,3.11
6/6/02,3.29
6/5/02,3.29
6/4/02,3.31
6/3/02,3.18
5/31/02,3.15
5/30/02,3.33
5/29/02,3.3
5/28/02,3.18
5/24/02,3.21
5/23/02,3.38
5/22/02,3.39
5/21/02,3.33
5/20/02,3.44
5/17/02,3.41
5/16/02,3.45
5/15/02,3.6
5/14/02,3.75
5/13/02,3.62
5/10/02,3.7
5/9/02,3.72
5/8/02,3.74
5/7/02,3.5
5/6/02,3.61
5/3/02,3.71
5/2/02,3.65
5/1/02,3.79
4/30/02,3.65
4/29/02,3.44
4/26/02,3.32
4/25/02,3.46
4/24/02,3.53
4/23/02,3.63
4/22/02,3.58
4/19/02,3.4
4/18/02,3.5
4/17/02,3.4
4/16/02,3.44
4/15/02,3.27
4/12/02,3.07
4/11/02,3.14
4/10/02,3.25
4/9/02,3.25
4/8/02,3.36
4/5/02,3.31
4/4/02,3.56
4/3/02,3.68
4/2/02,3.72
4/1/02,3.43
3/28/02,3.18
3/27/02,3.35
3/26/02,3.59
3/25/02,3.46
3/22/02,3.57
3/21/02,3.2
3/20/02,3.29
3/19/02,3.33
3/18/02,3.15
3/15/02,2.99
3/14/02,2.78
3/13/02,2.97
3/12/02,2.94
3/11/02,2.9
3/8/02,2.82
3/7/02,2.73
3/6/02,2.52
3/5/02,2.63
3/4/02,2.66
3/1/02,2.51
2/28/02,2.49
2/27/02,2.49
2/26/02,2.46
2/25/02,2.4
2/22/02,2.4
2/21/02,2.4
2/20/02,2.41
2/19/02,2.32
2/15/02,2.18
2/14/02,2.26
2/13/02,2.37
2/12/02,2.39
2/11/02,2.22
2/8/02,2.21
2/7/02,2.17
2/6/02,2.14
2/5/02,2.28
2/4/02,2.28
2/1/02,2.28
1/31/02,2.28
1/30/02,2.28
1/29/02,2.03
1/28/02,2.03
1/25/02,2.03
1/24/02,2.13
1/23/02,2.28
1/22/02,2.28
1/18/02,2.28
1/17/02,2.4
1/16/02,2.38
1/15/02,2.32
1/14/02,2.32
1/11/02,2.32
1/10/02,2.32
1/9/02,2.31
1/8/02,2.39
1/7/02,2.58
1/4/02,2.58
1/3/02,2.58
1/2/02,2.55
12/31/01,2.4
12/28/01,2.4
12/27/01,2.4
12/26/01,2.4
12/21/01,2.4
12/20/01,2.4
12/19/01,2.4
12/18/01,2.4
12/17/01,2.4
12/14/01,2.4
12/13/01,2.4
12/12/01,2.57
12/11/01,2.58
12/10/01,2.28
12/7/01,2.11
12/6/01,1.81
12/5/01,1.89
12/4/01,2
12/3/01,2.1
11/30/01,1.83
11/29/01,2.19
11/28/01,2.3
11/27/01,1.87
11/26/01,1.79
11/21/01,1.91
11/20/01,2.55
11/19/01,2.08
11/16/01,1.69
11/15/01,1.99
11/14/01,2.29
11/13/01,2.38
11/12/01,2.45
11/9/01,2.61
11/8/01,2.68
11/7/01,2.73
11/6/01,2.72
11/5/01,2.87
11/2/01,2.93
11/1/01,2.99
10/31/01,3.07
10/30/01,3.11
10/29/01,3.21
10/26/01,3.06
10/25/01,3.15
10/24/01,2.67
10/23/01,2.82
10/22/01,2.61
10/19/01,2.31
10/18/01,2.39
10/17/01,2.61
10/16/01,2.51
10/15/01,2.26
10/12/01,2.28
10/11/01,2.41
10/10/01,2.22
10/9/01,2.11
10/8/01,2.02
10/5/01,2.11
10/4/01,2.13
10/3/01,1.97
10/2/01,1.83
10/1/01,1.74
9/28/01,1.8
9/27/01,1.9
9/26/01,1.88
9/25/01,1.94
9/24/01,1.99
9/21/01,2.04
9/20/01,2.06
9/19/01,2.13
9/18/01,2.18
9/17/01,2.36
9/14/01,2.41
9/13/01,2.39
9/12/01,2.44
9/11/01,2.38
9/10/01,2.38
9/7/01,2.36
9/6/01,2.43
9/5/01,2.34
9/4/01,2.23
8/31/01,2.15
8/30/01,2.47
8/29/01,2.46
8/28/01,2.57
8/27/01,2.61
8/24/01,2.77
8/23/01,2.87
8/22/01,3.2
8/21/01,3.18
8/20/01,3.17
8/17/01,3.24
8/16/01,3.46
8/15/01,3.15
8/14/01,3.05
8/13/01,3
8/10/01,2.99
8/9/01,3.1
8/8/01,3.11
8/7/01,3.16
8/6/01,3.07
8/3/01,3.06
8/2/01,3.15
8/1/01,3.27
7/31/01,3.31
7/30/01,3.28
7/27/01,3.06
7/26/01,3.26
7/25/01,3.06
7/24/01,3
7/23/01,3.02
7/20/01,2.97
7/19/01,3.01
7/18/01,3.15
7/17/01,3.14
7/16/01,3.08
7/13/01,3.15
7/12/01,3.29
7/11/01,3.21
7/10/01,3.2
7/9/01,3.1
7/6/01,2.99
7/5/01,3.09
7/3/01,3
7/2/01,2.92
6/29/01,2.91
6/28/01,3.2
6/27/01,3.39
6/26/01,3.46
6/25/01,3.56
6/22/01,3.68
6/21/01,3.69
6/20/01,3.83
6/19/01,3.96
6/18/01,3.91
6/15/01,3.86
6/14/01,3.92
6/13/01,4.13
6/12/01,4.05
6/11/01,3.91
6/8/01,3.62
6/7/01,3.68
6/6/01,3.76
6/5/01,3.93
6/4/01,3.98
6/1/01,3.7
5/31/01,3.73
5/30/01,3.66
5/29/01,3.86
5/25/01,3.83
5/24/01,4.12
5/23/01,4.11
5/22/01,4.04
5/21/01,4.14
5/18/01,4.15
5/17/01,4.2
5/16/01,4.46
5/15/01,4.46
5/14/01,4.28
5/11/01,4.25
5/10/01,4.17
5/9/01,4.15
5/8/01,4.22
5/7/01,4.33
5/4/01,4.5
5/3/01,4.46
5/2/01,4.54
5/1/01,4.55
4/30/01,4.73
4/27/01,4.83
4/26/01,4.92
4/25/01,4.98
4/24/01,5.13
4/23/01,5.09
4/20/01,5
4/19/01,5.06
4/18/01,5.15
4/17/01,5.36
4/16/01,5.48
4/12/01,5.32
4/11/01,5.45
4/10/01,5.55
4/9/01,5.45
4/6/01,5.33
4/5/01,5.27
4/4/01,5.24
4/3/01,5.25
4/2/01,5.25
3/30/01,5.35
3/29/01,5.31
3/28/01,5.6
3/27/01,5.47
3/26/01,5.23
3/23/01,5.16
3/22/01,5.16
3/21/01,5.16
3/20/01,5.27
3/19/01,5.27
3/16/01,5.27
3/15/01,5.27
3/14/01,4.99
3/13/01,5.08
3/12/01,4.98
3/9/01,5.13
3/8/01,5.25
3/7/01,5.22
3/6/01,5.27
3/5/01,5.32
3/2/01,5.06
3/1/01,5.25
2/28/01,5.25
2/27/01,5.07
2/26/01,5.07
2/23/01,5.05
2/22/01,5.11
2/21/01,5.2
2/20/01,5.17
2/16/01,5.57
2/15/01,5.35
2/14/01,5.89
2/13/01,5.58
2/12/01,5.74
2/9/01,6.24
2/8/01,6.24
2/7/01,5.67
2/6/01,5.59
2/5/01,6.15
2/2/01,6.76
2/1/01,5.82
1/31/01,5.83
1/30/01,5.96
1/29/01,6.76
1/26/01,7
1/25/01,6.81
1/24/01,6.81
1/23/01,7.02
1/22/01,7.7
1/19/01,7.61
1/18/01,7.09
1/17/01,7.85
1/16/01,8.16
1/12/01,8.75
1/11/01,8.95
1/10/01,9.91
1/9/01,9.95
1/8/01,10.31
1/5/01,10.03
1/4/01,9.45
1/3/01,9.71
1/2/01,9.97
12/29/00,10.48
12/28/00,9.22
12/27/00,9.58
12/26/00,10.23
12/22/00,10.48
12/21/00,10.49
12/20/00,9.95
12/19/00,9.11
12/18/00,9.28
12/15/00,8.03
12/14/00,7.48
12/13/00,7.8
12/12/00,8.58
12/11/00,9.96
12/8/00,8.13
12/7/00,8.48
12/6/00,8.75
12/5/00,8.03
12/4/00,7.41
12/1/00,6.53
11/30/00,6.31
11/29/00,5.93
11/28/00,5.9
11/27/00,6.24
11/22/00,6.3
11/21/00,6.35
11/20/00,6.23
11/17/00,5.62
11/16/00,5.94
11/15/00,5.95
11/14/00,5.81
11/13/00,5.59
11/10/00,5.24
11/9/00,5.34
11/8/00,4.92
11/7/00,4.68
11/6/00,4.6
11/3/00,4.64
11/2/00,4.5
11/1/00,4.4
10/31/00,4.37
10/30/00,4.56
10/27/00,4.48
10/26/00,4.61
10/25/00,4.64
10/24/00,4.84
10/23/00,4.82
10/20/00,4.84
10/19/00,5.04
10/18/00,5.36
10/17/00,5.27
10/16/00,5.34
10/13/00,5.43
10/12/00,5.54
10/11/00,5.1
10/10/00,5.16
10/9/00,5.09
10/6/00,5.04
10/5/00,5.21
10/4/00,5.22
10/3/00,5.29
10/2/00,5.24
9/29/00,5.1
9/28/00,5.2
9/27/00,5.34
9/26/00,5.28
9/25/00,5.12
9/22/00,5.16
9/21/00,5.16
9/20/00,5.24
9/19/00,5.22
9/18/00,5.06
9/15/00,5.28
9/14/00,5.1
9/13/00,5.06
9/12/00,4.96
9/11/00,4.85
9/8/00,4.74
9/7/00,4.85
9/6/00,4.89
9/5/00,4.81
9/1/00,4.7
8/31/00,4.76
8/30/00,4.61
8/29/00,4.6
8/28/00,4.62
8/25/00,4.55
8/24/00,4.53
8/23/00,4.67
8/22/00,4.8
8/21/00,4.6
8/18/00,4.38
8/17/00,4.35
8/16/00,4.24
8/15/00,4.24
8/14/00,4.42
8/11/00,4.44
8/10/00,4.43
8/9/00,4.48
8/8/00,4.46
8/7/00,4.39
8/4/00,4.25
8/3/00,4.23
8/2/00,4.05
8/1/00,3.78
7/31/00,3.75
7/28/00,3.89
7/27/00,3.75
7/26/00,3.59
7/25/00,3.63
7/24/00,3.74
7/21/00,3.88
7/20/00,3.86
7/19/00,4.07
7/18/00,3.99
7/17/00,4.13
7/14/00,4.17
7/13/00,4.08
7/12/00,4.29
7/11/00,4.17
7/10/00,4.19
7/7/00,4
7/6/00,4.02
7/5/00,4.24
7/3/00,4.36
6/30/00,4.36
6/29/00,4.25
6/28/00,4.44
6/27/00,4.55
6/26/00,4.37
6/23/00,4.42
6/22/00,4.44
6/21/00,4.14
6/20/00,4.02
6/19/00,4.38
6/16/00,4.45
6/15/00,4.38
6/14/00,4.16
6/13/00,4.27
6/12/00,4.22
6/9/00,4.14
6/8/00,3.96
6/7/00,4.23
6/6/00,4.48
6/5/00,4.17
6/2/00,4.21
6/1/00,4.39
5/31/00,4.52
5/30/00,4.35
5/26/00,4.29
5/25/00,4.18
5/24/00,3.94
5/23/00,3.85
5/22/00,3.95
5/19/00,3.76
5/18/00,3.73
5/17/00,3.49
5/16/00,3.45
5/15/00,3.37
5/12/00,3.35
5/11/00,3.37
5/10/00,3.2
5/9/00,3.25
5/8/00,3.12
5/5/00,3.11
5/4/00,3.09
5/3/00,3.18
5/2/00,3.2
5/1/00,3.16
4/28/00,3.09
4/27/00,3.06
4/26/00,3.12
4/25/00,3.18
4/24/00,3.12
4/20/00,3.07
4/19/00,3.12
4/18/00,3.12
4/17/00,3.13
4/14/00,3.11
4/13/00,3.05
4/12/00,3.05
4/11/00,2.98
4/10/00,2.97
4/7/00,2.99
4/6/00,2.98
4/5/00,2.86
4/4/00,2.87
4/3/00,2.92
3/31/00,2.88
3/30/00,2.83
3/29/00,2.92
3/28/00,2.94
3/27/00,2.82
3/24/00,2.82
3/23/00,2.76
3/22/00,2.78
3/21/00,2.74
3/20/00,2.73
3/17/00,2.81
3/16/00,2.84
3/15/00,2.76
3/14/00,2.83
3/13/00,2.79
3/9/00,2.69
3/8/00,2.74
3/7/00,2.78
3/6/00,2.76
3/3/00,2.72
3/2/00,2.8
3/1/00,2.71
2/29/00,2.65
2/28/00,2.6
2/25/00,2.51
2/24/00,2.52
2/23/00,2.5
2/22/00,2.55
2/18/00,2.65
2/17/00,2.66
2/16/00,2.65
2/15/00,2.61
2/14/00,2.61
2/11/00,2.65
2/10/00,2.65
2/9/00,2.62
2/8/00,2.6
2/7/00,2.81
2/4/00,2.78
2/3/00,2.85
2/2/00,2.91
2/1/00,2.81
1/31/00,2.69
1/28/00,2.84
1/27/00,2.76
1/26/00,2.73
1/25/00,2.66
1/24/00,2.55
1/21/00,2.55
1/20/00,2.53
1/19/00,2.4
1/18/00,2.35
1/14/00,2.28
1/13/00,2.29
1/12/00,2.25
1/11/00,2.23
1/10/00,2.2
1/7/00,2.19
1/6/00,2.18
1/5/00,2.17
1/4/00,2.16
12/30/99,2.3
12/29/99,2.34
12/28/99,2.32
12/27/99,2.36
12/23/99,2.42
12/22/99,2.45
12/21/99,2.59
12/20/99,2.67
12/17/99,2.55
12/16/99,2.52
12/15/99,2.54
12/14/99,2.49
12/13/99,2.35
12/10/99,2.27
12/9/99,2.2
12/8/99,2.23
12/7/99,2.16
12/6/99,2.19
12/3/99,2.16
12/2/99,2.18
12/1/99,2.17
11/30/99,2.22
11/29/99,2.25
11/24/99,1.96
11/23/99,1.99
11/22/99,2.05
11/19/99,2.16
11/18/99,2.22
11/17/99,2.24
11/16/99,2.23
11/15/99,2.33
11/12/99,2.16
11/11/99,2.38
11/10/99,2.39
11/9/99,2.44
11/8/99,2.59
11/5/99,2.62
11/4/99,2.75
11/3/99,2.82
11/2/99,2.81
11/1/99,2.73
10/29/99,2.76
10/28/99,2.97
10/27/99,3.02
10/26/99,2.96
10/25/99,2.98
10/22/99,3
10/21/99,2.99
10/20/99,2.9
10/19/99,2.89
10/18/99,2.82
10/15/99,2.66
10/14/99,2.7
10/13/99,2.81
10/12/99,2.65
10/11/99,2.53
10/8/99,2.35
10/7/99,2.49
10/6/99,2.48
10/5/99,2.45
10/4/99,2.49
10/1/99,2.39
9/30/99,2.31
9/29/99,2.57
9/28/99,2.52
9/27/99,2.51
9/24/99,2.54
9/23/99,2.45
9/22/99,2.3
9/21/99,2.33
9/20/99,2.49
9/17/99,2.45
9/16/99,2.47
9/15/99,2.52
9/14/99,2.66
9/13/99,2.8
9/10/99,2.84
9/9/99,2.75
9/8/99,2.66
9/7/99,2.56
9/3/99,2.47
9/2/99,2.56
9/1/99,2.71
8/31/99,2.84
8/30/99,2.85
8/27/99,2.87
8/26/99,2.97
8/25/99,3.1
8/24/99,3.01
8/23/99,2.95
8/20/99,2.97
8/19/99,2.87
8/18/99,2.75
8/17/99,2.7
8/16/99,2.73
8/13/99,2.71
8/12/99,2.73
8/11/99,2.79
8/10/99,2.77
8/9/99,2.73
8/6/99,2.69
8/5/99,2.69
8/4/99,2.64
8/3/99,2.61
8/2/99,2.51
7/30/99,2.55
7/29/99,2.67
7/28/99,2.58
7/27/99,2.55
7/26/99,2.55
7/23/99,2.42
7/22/99,2.32
7/21/99,2.25
7/20/99,2.24
7/19/99,2.2
7/16/99,2.18
7/15/99,2.12
7/14/99,2.16
7/13/99,2.14
7/12/99,2.12
7/9/99,2.17
7/8/99,2.19
7/7/99,2.2
7/6/99,2.29
7/2/99,2.26
7/1/99,2.29
6/30/99,2.34
6/29/99,2.33
6/28/99,2.25
6/25/99,2.27
6/24/99,2.26
6/23/99,2.25
6/22/99,2.23
6/21/99,2.22
6/18/99,2.24
6/17/99,2.24
6/16/99,2.28
6/15/99,2.28
6/14/99,2.29
6/11/99,2.3
6/10/99,2.37
6/9/99,2.39
6/8/99,2.38
6/7/99,2.41
6/4/99,2.31
6/3/99,2.35
6/2/99,2.36
6/1/99,2.34
5/28/99,2.29
5/27/99,2.27
5/26/99,2.22
5/25/99,2.18
5/24/99,2.19
5/21/99,2.21
5/20/99,2.26
5/19/99,2.27
5/18/99,2.3
5/17/99,2.31
5/14/99,2.28
5/13/99,2.21
5/12/99,2.19
5/11/99,2.29
5/10/99,2.25
5/7/99,2.25
5/6/99,2.32
5/5/99,2.36
5/4/99,2.32
5/3/99,2.23
4/30/99,2.25
4/29/99,2.37
4/28/99,2.31
4/27/99,2.32
4/26/99,2.23
4/23/99,2.23
4/22/99,2.24
4/21/99,2.17
4/20/99,2.18
4/19/99,2.1
4/16/99,2.14
4/15/99,2.14
4/14/99,2.11
4/13/99,2.14
4/12/99,2.06
4/9/99,2.1
4/8/99,2.07
4/7/99,2.03
4/6/99,1.98
4/5/99,2.03
4/1/99,1.95
3/31/99,2.02
3/30/99,1.89
3/29/99,1.8
3/26/99,1.83
3/25/99,1.8
3/24/99,1.79
3/23/99,1.8
3/22/99,1.74
3/19/99,1.73
3/18/99,1.75
3/17/99,1.75
3/16/99,1.75
3/15/99,1.75
3/12/99,1.81
3/11/99,1.87
3/10/99,1.94
3/9/99,1.86
3/8/99,1.87
3/5/99,1.74
3/4/99,1.72
3/3/99,1.68
3/2/99,1.67
3/1/99,1.65
2/26/99,1.63
2/25/99,1.64
2/24/99,1.73
2/23/99,1.75
2/22/99,1.77
2/19/99,1.79
2/18/99,1.8
2/17/99,1.79
2/16/99,1.79
2/12/99,1.82
2/11/99,1.78
2/10/99,1.8
2/9/99,1.82
2/8/99,1.81
2/5/99,1.81
2/4/99,1.79
2/3/99,1.8
2/2/99,1.78
2/1/99,1.75
1/29/99,1.83
1/28/99,1.75
1/27/99,1.75
1/26/99,1.73
1/25/99,1.76
1/22/99,1.82
1/21/99,1.85
1/20/99,1.81
1/19/99,1.77
1/15/99,1.78
1/14/99,1.77
1/13/99,1.87
1/12/99,1.82
1/11/99,1.83
1/8/99,1.9
1/7/99,1.91
1/6/99,2.04
1/5/99,2.05
1/4/99,2.1
12/31/98,1.95
12/30/98,1.81
12/29/98,1.82
12/28/98,1.79
12/24/98,1.89
12/23/98,1.88
12/22/98,1.96
12/21/98,2.05
12/18/98,2.02
12/17/98,2.02
12/16/98,1.95
12/15/98,1.86
12/14/98,1.8
12/11/98,1.55
12/10/98,1.59
12/9/98,1.64
12/8/98,1.79
12/7/98,1.44
12/4/98,1.05
12/3/98,1.21
12/2/98,1.4
12/1/98,1.41
11/30/98,1.63
11/25/98,2.13
11/24/98,2.08
11/23/98,2.02
11/20/98,2.07
11/19/98,2.1
11/18/98,2.1
11/17/98,2.12
11/16/98,2.19
11/13/98,2.21
11/12/98,2.21
11/11/98,2.33
11/10/98,2.3
11/9/98,2.28
11/6/98,2.25
11/5/98,2.26
11/4/98,2.11
11/3/98,2.1
11/2/98,1.84
10/30/98,2
10/29/98,2
10/28/98,1.7
10/27/98,1.85
10/26/98,1.92
10/23/98,1.84
10/22/98,1.95
10/21/98,2.04
10/20/98,1.95
10/19/98,1.74
10/16/98,1.64
10/15/98,1.75
10/14/98,1.8
10/13/98,1.7
10/12/98,1.75
10/9/98,1.8
10/8/98,2.02
10/7/98,2.05
10/6/98,2.01
10/5/98,2.09
10/2/98,2.14
10/1/98,2.33
9/30/98,2.22
9/29/98,2.06
9/28/98,2.23
9/25/98,2.38
9/24/98,2.17
9/23/98,2.19
9/22/98,2.29
9/21/98,2.18
9/18/98,2.27
9/17/98,2.12
9/16/98,2.15
9/15/98,1.94
9/14/98,1.86
9/11/98,1.86
9/10/98,1.88
9/9/98,1.78
9/8/98,1.81
9/4/98,1.71
9/3/98,1.71
9/2/98,1.72
9/1/98,1.84
8/31/98,1.61
8/28/98,1.66
8/27/98,1.76
8/26/98,1.83
8/25/98,1.89
8/24/98,1.9
8/21/98,1.93
8/20/98,1.9
8/19/98,1.96
8/18/98,1.94
8/17/98,1.93
8/14/98,1.83
8/13/98,1.83
8/12/98,1.85
8/11/98,1.87
8/10/98,1.87
8/7/98,1.82
8/6/98,1.85
8/5/98,1.91
8/4/98,1.9
8/3/98,1.84
7/31/98,1.85
7/30/98,1.95
7/29/98,1.99
7/28/98,1.97
7/27/98,2
7/24/98,1.97
7/23/98,2
7/22/98,2
7/21/98,2.09
7/20/98,2.18
7/17/98,2.15
7/16/98,2.15
7/15/98,2.21
7/14/98,2.23
7/13/98,2.3
7/10/98,2.32
7/9/98,2.38
7/8/98,2.39
7/7/98,2.35
7/6/98,2.38
7/2/98,2.36
7/1/98,2.46
6/30/98,2.39
6/29/98,2.36
6/26/98,2.4
6/25/98,2.39
6/24/98,2.4
6/23/98,2.35
6/22/98,2.35
6/19/98,2.2
6/18/98,2.14
6/17/98,2.05
6/16/98,2.1
6/15/98,2.08
6/12/98,2.01
6/11/98,1.99
6/10/98,1.98
6/9/98,2.01
6/8/98,2
6/5/98,2.01
6/4/98,2.04
6/3/98,2.13
6/2/98,2.2
6/1/98,2.1
5/29/98,2.1
5/28/98,2.04
5/27/98,2.1
5/26/98,2.1
5/22/98,2.02
5/21/98,2.11
5/20/98,2.18
5/19/98,2.17
5/18/98,2.19
5/15/98,2.18
5/14/98,2.18
5/13/98,2.24
5/12/98,2.23
5/11/98,2.19
5/8/98,2.11
5/7/98,2.16
5/6/98,2.12
5/5/98,2.19
5/4/98,2.1
5/1/98,2.11
4/30/98,2.18
4/29/98,2.29
4/28/98,2.27
4/27/98,2.29
4/24/98,2.31
4/23/98,2.35
4/22/98,2.46
4/21/98,2.46
4/20/98,2.4
4/17/98,2.4
4/16/98,2.48
4/15/98,2.48
4/14/98,2.42
4/13/98,2.52
4/9/98,2.61
4/8/98,2.65
4/7/98,2.51
4/6/98,2.51
4/3/98,2.51
4/2/98,2.43
4/1/98,2.45
3/31/98,2.34
3/30/98,2.32
3/27/98,2.26
3/26/98,2.29
3/25/98,2.33
3/24/98,2.29
3/23/98,2.33
3/20/98,2.28
3/19/98,2.25
3/18/98,2.21
3/17/98,2.2
3/16/98,2.2
3/13/98,2.21
3/12/98,2.23
3/11/98,2.25
3/10/98,2.25
3/9/98,2.17
3/6/98,2.1
3/5/98,2.12
3/4/98,2.19
3/3/98,2.24
3/2/98,2.26
2/27/98,2.23
2/26/98,2.28
2/25/98,2.21
2/24/98,2.19
2/23/98,2.2
2/20/98,2.2
2/19/98,2.22
2/18/98,2.19
2/17/98,2.18
2/13/98,2.22
2/12/98,2.2
2/11/98,2.21
2/10/98,2.18
2/9/98,2.25
2/6/98,2.35
2/5/98,2.31
2/4/98,2.23
2/3/98,2.27
2/2/98,2.23
1/30/98,2.09
1/29/98,2.07
1/28/98,2.09
1/27/98,2.06
1/26/98,2.09
1/23/98,2.14
1/22/98,2.1
1/21/98,2.09
1/20/98,2.12
1/16/98,2.11
1/15/98,2.07
1/14/98,2.05
1/13/98,2.03
1/12/98,2.01
1/9/98,2.09
1/8/98,2.11
1/7/98,2.13
1/6/98,2.16
1/5/98,2.05
1/2/98,2.16
12/31/97,2.27
12/30/97,2.27
12/29/97,2.33
12/26/97,2.18
12/24/97,2.06
12/23/97,2.24
12/22/97,2.36
12/19/97,2.39
12/18/97,2.37
12/17/97,2.38
12/16/97,2.29
12/15/97,2.25
12/12/97,2.3
12/11/97,2.3
12/10/97,2.45
12/9/97,2.35
12/8/97,2.3
12/5/97,2.42
12/4/97,2.48
12/3/97,2.53
12/2/97,2.61
12/1/97,2.52
11/26/97,2.5
11/25/97,2.51
11/24/97,2.63
11/21/97,2.59
11/20/97,2.77
11/19/97,2.97
11/18/97,3
11/17/97,3.1
11/14/97,3.25
11/13/97,3.27
11/12/97,3.28
11/11/97,3.26
11/10/97,3.2
11/7/97,3.05
11/6/97,3.2
11/5/97,3.18
11/4/97,3.15
11/3/97,3.23
10/31/97,3.22
10/30/97,3.34
10/29/97,3.45
10/28/97,3.61
10/27/97,3.46
10/24/97,3.29
10/23/97,3.34
10/22/97,3.24
10/21/97,3.13
10/20/97,3.05
10/17/97,2.97
10/16/97,2.94
10/15/97,2.84
10/14/97,2.84
10/13/97,2.87
10/10/97,2.78
10/9/97,2.8
10/8/97,2.8
10/7/97,2.81
10/6/97,2.96
10/3/97,2.91
10/2/97,2.97
10/1/97,3.08
9/30/97,2.96
9/29/97,3.09
9/26/97,3.24
9/25/97,3.05
9/24/97,3.03
9/23/97,3.09
9/22/97,2.98
9/19/97,2.94
9/18/97,2.84
9/17/97,2.75
9/16/97,2.83
9/15/97,2.88
9/12/97,2.86
9/11/97,2.78
9/10/97,2.74
9/9/97,2.74
9/8/97,2.67
9/5/97,2.67
9/4/97,2.73
9/3/97,2.86
9/2/97,2.82
8/29/97,2.69
8/28/97,2.57
8/27/97,2.51
8/26/97,2.58
8/25/97,2.53
8/22/97,2.47
8/21/97,2.45
8/20/97,2.62
8/19/97,2.61
8/18/97,2.56
8/15/97,2.53
8/14/97,2.57
8/13/97,2.45
8/12/97,2.56
8/11/97,2.53
8/8/97,2.38
8/7/97,2.5
8/6/97,2.38
8/5/97,2.33
8/4/97,2.26
8/1/97,2.24
7/31/97,2.23
7/30/97,2.19
7/29/97,2.23
7/28/97,2.19
7/25/97,2.22
7/24/97,2.24
7/23/97,2.2
7/22/97,2.18
7/21/97,2.17
7/18/97,2.26
7/17/97,2.29
7/16/97,2.24
7/15/97,2.21
7/14/97,2.18
7/11/97,2.16
7/10/97,2.15
7/9/97,2.16
7/8/97,2.13
7/7/97,2.13
7/3/97,2.11
7/2/97,2.14
7/1/97,2.16
6/30/97,2.17
6/27/97,2.17
6/26/97,2.23
6/25/97,2.32
6/24/97,2.32
6/23/97,2.29
6/20/97,2.25
6/19/97,2.23
6/18/97,2.22
6/17/97,2.2
6/16/97,2.2
6/13/97,2.15
6/12/97,2.14
6/11/97,2.16
6/10/97,2.16
6/9/97,2.19
6/6/97,2.19
6/5/97,2.18
6/4/97,2.19
6/3/97,2.11
6/2/97,2.2
5/30/97,2.23
5/29/97,2.29
5/28/97,2.34
5/27/97,2.29
5/23/97,2.2
5/22/97,2.22
5/21/97,2.21
5/20/97,2.22
5/19/97,2.25
5/16/97,2.19
5/15/97,2.25
5/14/97,2.22
5/13/97,2.18
5/12/97,2.27
5/9/97,2.3
5/8/97,2.33
5/7/97,2.34
5/6/97,2.25
5/5/97,2.23
5/2/97,2.21
5/1/97,2.19
4/30/97,2.16
4/29/97,2.09
4/28/97,2.1
4/25/97,2.16
4/24/97,2.11
4/23/97,2.22
4/22/97,2.1
4/21/97,2.09
4/18/97,2.1
4/17/97,2.08
4/16/97,2.02
4/15/97,2
4/14/97,2
4/11/97,1.98
4/10/97,1.97
4/9/97,1.96
4/8/97,2.01
4/7/97,1.99
4/4/97,1.91
4/3/97,1.87
4/2/97,1.85
4/1/97,1.95
3/31/97,1.84
3/27/97,1.84
3/26/97,1.85
3/25/97,1.85
3/24/97,1.8
3/21/97,1.87
3/20/97,1.88
3/19/97,1.88
3/18/97,1.91
3/17/97,2.01
3/14/97,1.97
3/13/97,1.98
3/12/97,1.96
3/11/97,1.92
3/10/97,1.95
3/7/97,1.89
3/6/97,1.82
3/5/97,1.92
3/4/97,1.87
3/3/97,1.8
2/28/97,1.78
2/27/97,1.8
2/26/97,1.81
2/25/97,1.77
2/24/97,1.92
2/21/97,1.92
2/20/97,1.92
2/19/97,1.95
2/18/97,1.84
2/14/97,2.12
2/13/97,2.22
2/12/97,2.42
2/11/97,2.34
2/10/97,2.42
2/7/97,2.39
2/6/97,2.51
2/5/97,2.65
2/4/97,2.59
2/3/97,2.49
1/31/97,2.77
1/30/97,2.86
1/29/97,2.91
1/28/97,3.05
1/27/97,2.98
1/24/97,2.62
1/23/97,2.96
1/22/97,3.05
1/21/97,2.99
1/20/97,3.26
1/17/97,3.91
1/16/97,4.71
1/15/97,4.34
1/14/97,4.01
1/13/97,4
1/10/97,3.92
1/9/97,3.61
1/8/97,3.8
1/7/97,3.82